district_code,district_name_w_charters,district_name_x,total_#_of_classes,average_class_size,number_of_students,african_american_%,asian_%,hispanic_%,white_%,native_american_%,"native_hawaiian,_pacific_islander_%","multi-race,_non-hispanic_%",tests_taken_x,score=1_x,score=2_x,score=3_x,score=4_x,score=5_x,%_score_1-2_x,%_score_3-5_x,tests_taken_y,score=1_y,score=2_y,score=3_y,score=4_y,score=5_y,%_score_1-2_y,%_score_3-5_y,tests_takers,tests_taken_x,one_test,two_tests,three_tests,four_tests,five_or_more_tests,high_school_graduates_(#),attending_coll./univ._(#),attending_coll./univ._(%),private_two-year_(%),private_four-year_(%),public_two-year_(%),public_four-year_(%),ma_community_college_(%),ma_state_university_(%),univ.of_mass._(%),tests_taken_y,reading_/_writing,writing,math,#_in_cohort,%_graduated,%_still_in_school,%_non-grad_completers,%_h.s._equiv.,%_dropped_out,%_permanently_excluded
4450000,Abby Kelley Foster Charter Public (District),,713,18.9,"1,425",54.3,3.4,19.7,16.8,0.6,0.1,5.1,,,,,,,,,,,,,,,,,,,,,,,,83,57,68.7,0,29.8,22.8,47.4,22.8,15.8,29.8,12,593,,528,87,95.4,1.1,0,0,3.4,0
10000,Abington,Abington,"1,017",19.8,"2,178",5,2.3,11.5,78.7,0.5,0.1,2,100,16,31,37,15,1,47,53,100,16,31,37,15,1,47,53,69,100,43,22,3,1,0,115,91,79.1,0,29.7,17.6,51.6,17.6,16.5,17.6,64,565,,534,118,94.1,3.4,0,0,2.5,0
4120000,Academy Of the Pacific Rim Charter Public (District),Academy Of the Pacific Rim Charter Public (District),201,19.7,538,62.6,0.7,28.4,6.7,0,0.2,1.3,109,81,20,4,3,1,92.7,7.3,109,81,20,4,3,1,92.7,7.3,74,109,46,21,7,0,0,44,24,54.5,0,25,33.3,41.7,33.3,25,16.7,,,,,45,93.3,4.4,0,2.2,0,0
6000000,Acton-Boxborough,Acton-Boxborough,"2,368",17.1,"5,246",3.2,33.6,6.5,51.6,0.1,0.1,5,"1,070",12,55,158,344,501,6.3,93.7,"1,070",12,55,158,344,501,6.3,93.7,451,"1,070",137,136,94,49,35,451,375,83.1,0,46.1,5.1,48.8,5.1,2.4,18.4,487,651,,682,457,97.2,2,0.2,0,0.7,0
30000,Acushnet,,400,15.2,913,1.2,1,4.2,89.8,0.2,0,3.6,,,,,,,,,,,,,,,,,,,,,,,,,,,,,,,,,,,,,,,,,,,,
4300000,Advanced Math and Science Academy Charter (District),Advanced Math and Science Academy Charter (District),490,18.6,960,1.9,17.2,7.2,67.6,0,0,6.2,504,29,74,142,127,132,20.4,79.6,504,29,74,142,127,132,20.4,79.6,247,504,99,62,63,23,0,134,116,86.6,0,44,5.2,50.9,5.2,3.4,26.7,164,629,,657,134,100,0,0,0,0,0
50000,Agawam,Agawam,"2,666",13.7,"3,476",2.2,3.4,10.9,80.3,0,0,3.1,209,27,65,55,39,23,44,56,209,27,65,55,39,23,44,56,129,209,72,42,9,5,1,265,173,65.3,0,50.9,30.1,19.1,28.3,8.7,5.2,64,578,,564,276,93.5,0.7,1.4,0,4.3,0
4090000,Alma del Mar Charter School (District),,236,24.1,791,13.8,0.1,60.7,20.9,0.6,0,3.9,,,,,,,,,,,,,,,,,,,,,,,,,,,,,,,,,,,,,,,,,,,,
70000,Amesbury,Amesbury,"1,115",15.1,"1,869",1.9,1.2,9.7,82.6,0.2,0.1,4.3,126,18,34,46,19,9,41.3,58.7,126,18,34,46,19,9,41.3,58.7,84,126,43,40,1,0,0,151,102,67.5,0,33.3,24.5,42.2,22.5,3.9,13.7,45,596,,570,165,87.9,9.1,0,0,3,0
80000,Amherst,,392,15.2,"1,014",10.1,10.9,22.7,48.4,0.4,0.2,7.4,,,,,,,,,,,,,,,,,,,,,,,,,,,,,,,,,,,,,,,,,,,,
6050000,Amherst-Pelham,Amherst-Pelham,995,12.8,"1,280",8.1,9.1,18.7,54.6,0,0,9.5,178,5,22,37,65,49,15.2,84.8,178,5,22,37,65,49,15.2,84.8,116,178,64,43,8,1,0,225,151,67.1,0.7,43.7,20.5,35.1,19.9,5.3,22.5,41,656,,669,238,90.3,4.2,0,0,5.5,0
90000,Andover,Andover,"3,729",12.3,"5,614",2.7,19,7.9,66.5,0.1,0.1,3.7,986,70,182,272,289,173,25.6,74.4,986,70,182,272,289,173,25.6,74.4,495,986,207,157,75,42,14,433,351,81.1,0,52.4,7.4,40.2,6.6,6,16.5,456,607,,611,441,95.2,3.9,0,0,0.9,0
35090000,Argosy Collegiate Charter School (District),,244,21.8,578,13.7,2.3,25.4,52.6,0.5,0,5.5,,,,,,,,,,,,,,,,,,,,,,,,,,,,,,,,,,,,,,,,,,,,
100000,Arlington,Arlington,"3,172",15.7,"5,765",3.5,12.9,6.3,69.8,0.1,0.1,7.3,893,72,149,242,270,160,24.7,75.3,893,72,149,242,270,160,24.7,75.3,437,893,161,142,95,33,6,342,259,75.7,0,57.9,8.9,33.2,8.5,2.3,14.3,372,623,,617,351,94.9,2.8,0.6,0,1.7,0
6100000,Ashburnham-Westminster,Ashburnham-Westminster,"1,230",17.4,"2,247",1.2,1,5.5,89.3,0.1,0,3,97,4,23,32,22,16,27.8,72.2,97,4,23,32,22,16,27.8,72.2,59,97,32,19,6,1,1,164,121,73.8,0,35.5,19.8,44.6,19.8,17.4,19,60,599,,600,172,94.2,5.8,0,0,0,0
140000,Ashland,Ashland,"1,741",15.4,"2,776",3,15.9,14.7,62.4,0.4,0,3.5,377,16,31,86,111,133,12.5,87.5,377,16,31,86,111,133,12.5,87.5,187,377,83,45,38,15,6,220,184,83.6,0,42.4,5.4,52.2,5.4,12,23.9,174,602,,635,228,94.3,3.1,0,0.4,2.2,0
8010000,Assabet Valley Regional Vocational Technical,Assabet Valley Regional Vocational Technical,673,12.3,"1,138",1.7,0.5,22.3,73,0.1,0,2.4,68,17,28,15,5,3,66.2,33.8,68,17,28,15,5,3,66.2,33.8,52,68,37,14,1,0,0,264,107,40.5,0,27.1,25.2,47.7,25.2,34.6,9.3,59,519,,502,266,99.2,0,0,0,0.8,0
6150000,Athol-Royalston,Athol-Royalston,685,18.6,"1,485",1.9,1,11.5,81.4,0.1,0,4.2,97,64,23,7,3,0,89.7,10.3,97,64,23,7,3,0,89.7,10.3,60,97,31,21,8,0,0,79,38,48.1,0,15.8,55.3,28.9,52.6,18.4,5.3,2,,,,93,81.7,6.5,0,0,11.8,0
4910000,Atlantis Charter (District),Atlantis Charter (District),542,13.1,"1,290",5.4,2.2,15.2,73.3,0.1,0.1,3.9,96,54,25,11,5,1,82.3,17.7,96,54,25,11,5,1,82.3,17.7,59,96,29,24,5,1,0,58,44,75.9,0,27.3,27.3,45.5,27.3,22.7,15.9,75,479,,449,63,90.5,3.2,0,0,1.6,4.8
160000,Attleboro,Attleboro,"3,057",17.1,"5,768",6.9,4.6,15.6,66.3,0.2,0.1,6.4,596,181,162,157,69,27,57.6,42.4,596,181,162,157,69,27,57.6,42.4,377,596,195,145,37,0,0,421,261,62,0,40.6,19.9,39.1,18.4,10,14.6,262,560,,554,447,90.2,6.9,0.2,0.4,2.2,0
170000,Auburn,Auburn,"1,520",16.2,"2,526",2.5,4.7,9.7,79.9,0.1,0,3.1,285,64,87,80,35,19,53,47,285,64,87,80,35,19,53,47,180,285,105,52,17,5,1,180,139,77.2,0,38.1,18,43.9,18,18.7,13.7,44,558,,566,182,95.1,2.7,0,0.5,1.6,0
180000,Avon,Avon,356,13.4,696,30,4.5,12.4,45.8,0.6,0,6.8,21,2,7,7,5,0,42.9,57.1,21,2,7,7,5,0,42.9,57.1,13,21,6,6,1,0,0,47,35,74.5,0,37.1,17.1,45.7,17.1,25.7,17.1,6,,,,52,90.4,5.8,0,1.9,1.9,0
6160000,Ayer Shirley School District,Ayer Shirley School District,950,16.4,"1,615",3.8,3.2,11.1,74.9,0.7,0.3,6,110,19,28,29,22,12,42.7,57.3,110,19,28,29,22,12,42.7,57.3,52,110,19,16,13,2,2,104,73,70.2,0,31.5,16.4,52.1,16.4,17.8,20.5,24,578,,535,114,89.5,3.5,0,0,7,0
200000,Barnstable,Barnstable,"3,180",10.1,"4,598",8.6,2.1,20.6,61.4,0.4,0.1,6.9,474,113,120,118,80,43,49.2,50.8,474,113,120,118,80,43,49.2,50.8,307,474,205,61,26,9,6,341,216,63.3,0,31.5,28.2,40.3,27.3,11.6,11.1,82,555,,553,374,85.8,4.5,3.7,1.1,4.8,0
35020000,Baystate Academy Charter Public School (District),Baystate Academy Charter Public School (District),369,13.3,470,27.7,0.9,60,9.8,0,0.4,1.3,13,11,2,0,0,0,100,0,13,11,2,0,0,0,100,0,13,13,13,0,0,0,0,52,28,53.8,0,42.9,39.3,17.9,39.3,14.3,3.6,22,474,,467,54,89.2,3.7,1.9,0,5.3,0
230000,Bedford,Bedford,"1,162",14.9,"2,621",6.5,19.8,7.3,60.6,0,0,5.8,275,17,29,67,87,75,16.7,83.3,275,17,29,67,87,75,16.7,83.3,163,275,90,44,21,7,1,194,151,77.8,0,43.7,12.6,43.7,11.3,3.3,20.5,249,611,,626,204,95.1,3.9,0.5,0,0.5,0
240000,Belchertown,Belchertown,"1,189",15.8,"2,172",1.7,1.2,6.5,86.7,0.3,0.2,3.6,62,7,5,22,16,12,19.4,80.6,62,7,5,22,16,12,19.4,80.6,40,62,25,9,5,1,0,169,114,67.5,0,34.2,33.3,32.5,33.3,9.6,13.2,64,580,,584,176,93.2,3.4,0.6,0.6,2.3,0
250000,Bellingham,Bellingham,787,16.4,"2,004",2.2,3,7.4,84.4,0.1,0.3,2.7,207,60,70,40,24,13,62.8,37.2,207,60,70,40,24,13,62.8,37.2,115,207,53,38,20,2,2,154,89,57.8,0,37.1,11.2,51.7,10.1,30.3,12.4,63,565,,555,156,94.2,1.9,1.3,1.3,1.3,0
260000,Belmont,Belmont,"2,062",18.9,"4,439",3.4,21.3,4,63,0.1,0.1,8.2,"1,037",24,67,177,331,438,8.8,91.2,"1,037",24,67,177,331,438,8.8,91.2,491,"1,037",209,130,72,52,28,333,260,78.1,0,65.4,4.2,30.4,4.2,0.8,17.7,396,650,,673,343,96.2,2.9,0,0,0.9,0
4200000,Benjamin Banneker Charter Public (District),,117,12.6,338,78.4,1.8,11.2,2.7,0.3,0.6,5,,,,,,,,,,,,,,,,,,,,,,,,,,,,,,,,,,,,,,,,,,,,
4470000,Benjamin Franklin Classical Charter Public (District),,224,26,772,3,19.2,4.7,68.4,0.4,0.3,4.2,,,,,,,,,,,,,,,,,,,,,,,,,,,,,,,,,,,,,,,,,,,,
270000,Berkley,,468,12.7,879,0.8,0.2,2.5,91.8,0.1,0.1,4.4,,,,,,,,,,,,,,,,,,,,,,,,,,,,,,,,,,,,,,,,,,,,
4140000,Berkshire Arts and Technology Charter Public (District),Berkshire Arts and Technology Charter Public (District),141,18.5,366,12.3,2.7,12.3,66.4,0.3,0,6,37,9,14,8,5,1,62.2,37.8,37,9,14,8,5,1,62.2,37.8,28,37,19,9,0,0,0,27,21,77.8,0,28.6,14.3,57.1,14.3,19,23.8,63,541,,492,30,90,3.3,0,0,6.7,0
6180000,Berkshire Hills,Berkshire Hills,763,10.9,"1,169",1.6,3,11.3,77.9,0.2,0.3,5.7,99,8,28,35,20,8,36.4,63.6,99,8,28,35,20,8,36.4,63.6,74,99,54,15,5,0,0,114,70,61.4,0,45.7,27.1,27.1,22.9,2.9,10,107,583,,546,115,93,4.3,0,0.9,1.7,0
6200000,Berlin-Boylston,Berlin-Boylston,686,15.7,"1,057",1.5,4.5,7.5,82.5,0.3,0.1,3.6,85,4,18,30,28,5,25.9,74.1,85,4,18,30,28,5,25.9,74.1,52,85,28,17,5,2,0,77,57,74,0,36.8,22.8,40.4,22.8,21.1,10.5,63,599,,594,79,97.5,2.5,0,0,0,0
300000,Beverly,Beverly,"1,732",16.4,"4,655",3.5,2.5,14.9,75,0.1,0,4,269,25,92,82,52,18,43.5,56.5,269,25,92,82,52,18,43.5,56.5,158,269,87,41,23,5,2,289,217,75.1,0,36.9,16.6,46.5,16.6,11.5,14.7,185,548,,522,310,91,3.9,0,0.3,4.8,0
310000,Billerica,Billerica,"3,002",13.2,"4,638",5.3,9.1,8.1,74.1,0.1,0.1,3.3,457,71,103,106,93,84,38.1,61.9,457,71,103,106,93,84,38.1,61.9,220,457,92,66,35,17,10,342,272,79.5,0,37.1,16.9,46,16.9,9.2,26.1,258,538,,535,350,94.6,3.4,0.3,0.6,1.1,0
8050000,Blackstone Valley Regional Vocational Technical,Blackstone Valley Regional Vocational Technical,796,17.4,"1,230",1.2,2,7.9,86.4,0,0.1,2.4,359,75,112,98,48,26,52.1,47.9,359,75,112,98,48,26,52.1,47.9,233,359,129,89,10,4,1,296,208,70.3,0,34.6,13,52.4,12.5,22.1,17.3,183,584,,570,298,99,0.3,0.3,0,0.3,0
6220000,Blackstone-Millville,Blackstone-Millville,887,14.6,"1,590",1.8,0.8,8.4,84.7,0,0,4.4,91,12,35,27,16,1,51.6,48.4,91,12,35,27,16,1,51.6,48.4,57,91,37,10,6,4,0,104,61,58.7,0,47.5,6.6,45.9,4.9,14.8,16.4,42,527,,524,113,90.3,5.3,0,0.9,3.5,0
8060000,Blue Hills Regional Vocational Technical,Blue Hills Regional Vocational Technical,329,19.1,874,22.1,2.3,15.1,54.4,0.7,0,5.5,59,16,26,13,2,2,71.2,28.8,59,16,26,13,2,2,71.2,28.8,43,59,27,16,0,0,0,188,109,58,0,32.1,27.5,40.4,26.6,12.8,22.9,19,544,,535,191,97.9,1,0,0,1,0
350000,Boston,Boston,"27,831",16.2,"49,310",29.5,9,42.8,14.8,0.3,0.2,3.5,"5,505","1,614","1,335","1,136",898,522,53.6,46.4,"5,505","1,614","1,335","1,136",898,522,53.6,46.4,"3,161","5,505","1,636",907,459,122,37,3328,1680,50.5,0.8,39.2,22,38,21.5,5.8,28.3,"2,299",536,,549,"3,923",75.4,13.8,0.1,0.4,10.4,0
4490000,Boston Collegiate Charter (District),Boston Collegiate Charter (District),212,24.7,719,34.6,1.8,17.5,42.7,0.1,0.1,3.1,218,85,87,36,8,2,78.9,21.1,218,85,87,36,8,2,78.9,21.1,112,218,45,40,15,12,0,58,50,86.2,0,48,10,42,8,20,18,64,498,,511,63,88.9,11.1,0,0,0,0
4240000,Boston Day and Evening Academy Charter (District),,415,14.7,437,47.4,0.7,45.5,4.1,0.9,0,1.4,,,,,,,,,,,,,,,,,,,,,,,,40,12,30,0,16.7,41.7,41.7,41.7,0,33.3,5,,,,151,6,63.6,0,0.7,29.8,0
4110000,Boston Green Academy Horace Mann Charter School (District),Boston Green Academy Horace Mann Charter School (District),270,16.4,501,44.3,1.8,43.9,6.6,0.2,0.4,2.8,59,54,5,0,0,0,100,0,59,54,5,0,0,0,100,0,37,59,19,14,4,0,0,66,35,53,0,37.1,37.1,25.7,37.1,14.3,8.6,32,430,,445,77,80.5,9.1,1.3,0,9.1,0
4160000,Boston Preparatory Charter Public (District),Boston Preparatory Charter Public (District),207,19.4,663,68.2,0.5,27.3,1.1,0,0.2,2.9,63,46,13,4,0,0,93.7,6.3,63,46,13,4,0,0,93.7,6.3,43,63,28,10,5,0,0,48,37,77.1,0,45.9,13.5,40.5,13.5,10.8,29.7,79,448,,474,48,89.6,10.4,0,0,0,0
4810000,Boston Renaissance Charter Public (District),,500,16.5,951,60.3,0.1,34.6,1.6,0.1,0,3.4,,,,,,,,,,,,,,,,,,,,,,,,,,,,,,,,,,,,,,,,,,,,
360000,Bourne,Bourne,999,15.2,"1,656",1.8,1.9,5.4,85.9,1.2,0,3.9,135,16,37,43,23,16,39.3,60.7,135,16,37,43,23,16,39.3,60.7,72,135,30,24,16,1,1,124,94,75.8,0,27.7,18.1,54.3,17,10.6,23.4,91,527,,506,140,88.6,5,0,0,6.4,0
380000,Boxford,,352,13.9,678,0.3,3.5,3.5,87.9,0,0,4.7,,,,,,,,,,,,,,,,,,,,,,,,,,,,,,,,,,,,,,,,,,,,
400000,Braintree,Braintree,"3,180",14.8,"5,517",5.3,23.6,5.2,63.6,0.2,0.2,2.1,774,57,121,229,211,156,23,77,774,57,121,229,211,156,23,77,362,774,147,96,59,45,15,415,328,79,0,43.3,11.6,44.8,11.6,9.5,26.5,526,557,,570,431,94.9,2.3,0.2,0.2,2.3,0
410000,Brewster,,322,13.9,429,3.3,0.7,8.6,81.1,0,0,6.3,,,,,,,,,,,,,,,,,,,,,,,,,,,,,,,,,,,,,,,,,,,,
4170000,Bridge Boston Charter School (District),,125,15.3,335,66,0.9,26.6,3,0,0.3,3.3,,,,,,,,,,,,,,,,,,,,,,,,,,,,,,,,,,,,,,,,,,,,
6250000,Bridgewater-Raynham,Bridgewater-Raynham,"1,866",18.8,"5,353",8,2.3,3.6,80.8,0.1,0.1,5.1,370,47,99,101,93,30,39.5,60.5,370,47,99,101,93,30,39.5,60.5,228,370,129,70,18,8,3,370,267,72.2,0,39.3,10.9,49.4,10.1,16.5,17.2,153,563,,568,384,92.7,4.9,1,0,1.3,0
430000,Brimfield,,81,18.5,260,1.9,1.2,5,91.5,0.4,0,0,,,,,,,,,,,,,,,,,,,,,,,,,,,,,,,,,,,,,,,,,,,,
9100000,Bristol County Agricultural,Bristol County Agricultural,228,18.7,448,2.2,0.5,4.5,91.1,0,0.2,1.6,54,12,26,11,4,1,70.4,29.6,54,12,26,11,4,1,70.4,29.6,32,54,14,14,4,0,0,104,55,52.9,0,27.3,36.4,36.4,36.4,7.3,5.5,23,552,,505,109,95.4,0,0,0,4.6,0
8100000,Bristol-Plymouth Regional Vocational Technical,Bristol-Plymouth Regional Vocational Technical,"1,036",18.9,"1,310",3.6,1,6,85.3,0.4,0,3.7,67,26,19,15,6,1,67.2,32.8,67,26,19,15,6,1,67.2,32.8,52,67,38,13,1,0,0,272,107,39.3,0,24.3,35.5,39.3,34.6,20.6,14,57,544,,536,280,97.1,0.4,1.4,0,1.1,0
440000,Brockton,Brockton,"7,619",18.3,"15,418",60.9,1.9,17,15.3,0.3,0.2,4.5,423,203,121,57,30,12,76.6,23.4,423,203,121,57,30,12,76.6,23.4,290,423,187,78,21,3,1,1122,476,42.4,0.2,29.6,35.9,32.4,34.9,11.3,17.4,46,523,,496,"1,276",79.6,10,2.6,0.4,7.4,0
4280000,Brooke Charter School (District),Brooke Charter School (District),937,17.3,"2,060",52.4,1.8,38.9,4,0.2,0.1,2.6,319,162,73,52,23,9,73.7,26.3,319,162,73,52,23,9,73.7,26.3,193,319,103,59,26,5,0,54,43,79.6,0,53.5,7,39.5,4.7,2.3,37.2,47,499,,545,62,87.1,1.6,0,0,11.3,0
450000,Brookfield,,85,16.1,259,0.4,0.8,5.4,89.2,0,0,4.3,,,,,,,,,,,,,,,,,,,,,,,,,,,,,,,,,,,,,,,,,,,,
460000,Brookline,Brookline,"4,507",14.5,"6,834",6.5,19.3,11.2,52,0,0.1,11,757,12,49,150,255,291,8.1,91.9,757,12,49,150,255,291,8.1,91.9,435,757,228,117,69,17,4,473,352,74.4,0,60.2,6.3,33.5,5.7,4,15.6,533,639,,652,488,94.5,3.7,0,0.8,1,0
480000,Burlington,Burlington,"1,964",14.1,"3,474",7.6,17.6,7.7,62.9,0.2,0,4,245,23,43,71,72,36,26.9,73.1,245,23,43,71,72,36,26.9,73.1,146,245,84,35,18,8,1,256,213,83.2,0,32.4,15,52.6,14.6,7,31,293,540,,534,266,94.4,3.4,1.1,0,1.1,0
490000,Cambridge,Cambridge,"4,599",11.9,"6,649",23.6,11.9,14.2,40.1,0.2,0.1,9.9,758,62,112,173,216,195,23,77,758,62,112,173,216,195,23,77,417,758,212,106,68,26,5,500,326,65.2,0,50.6,13.2,36.2,12.6,6.4,23,302,615,,601,527,89.2,5.9,1.1,0.4,3.4,0
500000,Canton,Canton,"2,326",16.2,"3,193",11.2,11.4,6,64.8,0.1,0.2,6.4,571,81,140,127,130,93,38.7,61.3,571,81,140,127,130,93,38.7,61.3,252,571,83,80,57,10,22,239,202,84.5,0,51.5,8.4,40.1,8.4,5.4,17.8,352,568,,567,243,96.3,2.1,0,0,1.6,0
4320000,Cape Cod Lighthouse Charter (District),,191,14,250,0.8,1.2,4.4,90.4,0.4,0,2.8,,,,,,,,,,,,,,,,,,,,,,,,,,,,,,,,,,,,,,,,,,,,
8150000,Cape Cod Regional Vocational Technical,Cape Cod Regional Vocational Technical,408,13.3,627,8.3,0.5,13.6,71.1,1.3,0.3,4.9,26,3,15,6,2,0,69.2,30.8,26,3,15,6,2,0,69.2,30.8,17,26,8,9,0,0,0,138,42,30.4,0,23.8,47.6,28.6,47.6,11.9,9.5,3,,,,139,96.4,1.4,0,0,2.2,0
510000,Carlisle,,380,13.7,589,0.5,12.9,5.8,72,0,0.3,8.5,,,,,,,,,,,,,,,,,,,,,,,,,,,,,,,,,,,,,,,,,,,,
520000,Carver,Carver,"1,169",10.5,"1,469",2.4,0.3,2,93.7,0.3,0.1,1.3,106,24,41,26,12,3,61.3,38.7,106,24,41,26,12,3,61.3,38.7,71,106,44,19,8,0,0,100,66,66,0,27.3,24.2,48.5,24.2,21.2,15.2,96,531,,521,103,94.2,1.9,0,0,3.9,0
6350000,Central Berkshire,Central Berkshire,713,15.3,"1,498",0.5,0.7,4.5,89.7,0.2,0,4.4,167,45,65,37,14,6,65.9,34.1,167,45,65,37,14,6,65.9,34.1,105,167,60,30,13,2,0,114,77,67.5,0,33.8,26,40.3,22.1,18.2,13,56,523,,533,121,93.4,1.7,0,0,5,0
560000,Chelmsford,Chelmsford,"2,237",19.1,"4,925",4,16.7,7.7,67.7,0.2,0.1,3.6,460,37,99,140,114,70,29.6,70.4,460,37,99,140,114,70,29.6,70.4,260,460,128,83,35,11,3,364,298,81.9,0,40.9,8.4,50.7,8.4,9.4,24.5,326,574,,579,367,97.3,1.9,0,0,0.8,0
570000,Chelsea,Chelsea,"2,758",14.6,"6,112",4.3,0.1,88.1,6.1,0.2,0,1.2,166,53,59,35,16,3,67.5,32.5,166,53,59,35,16,3,67.5,32.5,125,166,89,31,5,0,0,324,106,32.7,0,12.3,66,21.7,64.2,6.6,14.2,22,523,,520,415,66.3,19.3,0,0.7,13.7,0
6320000,Chesterfield-Goshen,,52,15.1,119,0.8,0,2.5,94.1,1.7,0,0.8,,,,,,,,,,,,,,,,,,,,,,,,,,,,,,,,,,,,,,,,,,,,
610000,Chicopee,Chicopee,"3,270",14.1,"6,855",4.6,2,41.2,48.7,0,0.1,3.3,389,128,136,61,47,17,67.9,32.1,389,128,136,61,47,17,67.9,32.1,214,389,117,45,37,8,7,488,237,48.6,0,35.4,41.8,22.8,41.4,10.5,8,110,559,,546,553,85.2,4.9,0.2,1.1,8.7,0
4180000,Christa McAuliffe Charter Public (District),,173,20.7,400,7.3,9.8,32,45.3,0.3,0,5.5,,,,,,,,,,,,,,,,,,,,,,,,,,,,,,,,,,,,,,,,,,,,
4370000,City on a Hill Charter Public School Circuit Street (District),City on a Hill Charter Public School Circuit Street (District),89,18.3,275,65.1,0,32.4,1.8,0,0,0.7,50,45,5,0,0,0,100,0,50,45,5,0,0,0,100,0,28,50,13,8,7,0,0,47,34,72.3,0,70.6,8.8,20.6,8.8,11.8,8.8,8,,,,58,65.5,32.8,0,0,1.7,0
630000,Clarksburg,,98,16.1,192,0,0.5,2.6,95.3,0,0,1.6,,,,,,,,,,,,,,,,,,,,,,,,1,,,,,,,,,,,,,,,,,,,,
640000,Clinton,Clinton,850,15.8,"1,848",2.9,1.1,33.3,60.3,0,0.1,2.4,98,35,40,15,4,4,76.5,23.5,98,35,40,15,4,4,76.5,23.5,60,98,34,17,7,1,1,104,64,61.5,0,32.8,17.2,50,17.2,18.8,18.8,72,525,,498,112,89.3,4.5,0,0.9,5.4,0
4380000,Codman Academy Charter Public (District),Codman Academy Charter Public (District),127,16.9,343,77.6,0,21,0.3,0.3,0,0.9,18,17,1,0,0,0,100,0,18,17,1,0,0,0,100,0,14,18,11,2,1,0,0,33,24,72.7,0,37.5,8.3,54.2,8.3,16.7,37.5,29,418,,417,29,93.1,3.4,0,0,3.4,0
650000,Cohasset,Cohasset,901,16.3,"1,444",2.8,1.9,1.4,91.8,0.2,0,1.9,400,30,83,112,108,67,28.3,71.8,400,30,83,112,108,67,28.3,71.8,192,400,63,64,51,14,0,118,99,83.9,0,58.6,1,40.4,1,0,12.1,116,616,,585,121,97.5,2.5,0,0,0,0
35030000,Collegiate Charter School of Lowell (District),,335,27.1,"1,003",20.3,27.8,32.5,15.4,0.5,0,3.5,,,,,,,,,,,,,,,,,,,,,,,,,,,,,,,,,,,,,,,,,,,,
4360000,Community Charter School of Cambridge (District),Community Charter School of Cambridge (District),84,21.1,306,70.9,4.3,15,4.9,0.3,0,4.6,88,35,26,15,10,2,69.3,30.7,88,35,26,15,10,2,69.3,30.7,49,88,22,17,8,2,0,47,37,78.7,0,54.1,2.7,43.2,2.7,16.2,24.3,4,,,,46,100,0,0,0,0,0
4260000,Community Day Charter Public School - Gateway (District),,120,20,399,1.3,0.5,95.5,2.3,0.5,0,0,,,,,,,,,,,,,,,,,,,,,,,,,,,,,,,,,,,,,,,,,,,,
4400000,Community Day Charter Public School - Prospect (District),,114,21.1,400,0.8,0,97.3,1.8,0.3,0,0,,,,,,,,,,,,,,,,,,,,,,,,,,,,,,,,,,,,,,,,,,,,
4310000,Community Day Charter Public School - R. Kingman Webster (District),,120,20.4,404,1.2,1,94.6,2.7,0,0,0.5,,,,,,,,,,,,,,,,,,,,,,,,,,,,,,,,,,,,,,,,,,,,
670000,Concord,,"1,358",16.4,"2,027",4.7,7.7,7.1,73.9,0.1,0.2,6.5,,,,,,,,,,,,,,,,,,,,,,,,,,,,,,,,,,,,,,,,,,,,
6400000,Concord-Carlisle,Concord-Carlisle,536,19.5,"1,316",4.6,7.8,5,76.6,0.2,0,5.9,512,5,32,94,173,208,7.2,92.8,512,5,32,94,173,208,7.2,92.8,274,512,125,78,57,10,4,300,230,76.7,0,64.8,5.7,29.6,5.7,1.3,7.8,375,639,,647,296,98.3,1.4,0,0.3,0,0
4390000,Conservatory Lab Charter (District),,174,16.8,447,48.6,1.8,41.4,5.2,0.2,0,2.9,,,,,,,,,,,,,,,,,,,,,,,,,,,,,,,,,,,,,,,,,,,,
680000,Conway,,93,14.5,130,0.8,0,4.6,92.3,0,0,2.3,,,,,,,,,,,,,,,,,,,,,,,,,,,,,,,,,,,,,,,,,,,,
710000,Danvers,Danvers,"2,116",16.8,"3,327",2.3,2.4,9.1,83.6,0.1,0,2.6,361,70,90,101,69,31,44.3,55.7,361,70,90,101,69,31,44.3,55.7,186,361,84,61,22,10,9,230,163,70.9,0,39.3,14.7,46,14.7,13.5,11,145,549,,530,237,95.8,3,0,0.4,0.8,0
720000,Dartmouth,Dartmouth,"1,905",16.4,"3,431",1.8,0.6,5.5,85.5,0,0,6.7,600,44,179,202,120,55,37.2,62.8,600,44,179,202,120,55,37.2,62.8,283,600,111,78,56,27,11,252,203,80.6,0,29.1,17.2,53.7,16.3,8.9,28.1,113,572,,559,268,91.8,4.9,0,0,3.4,0
730000,Dedham,Dedham,"1,236",14.7,"2,564",7.4,2.2,16.4,68.6,0,0,5.3,333,68,86,99,51,29,46.2,53.8,333,68,86,99,51,29,46.2,53.8,209,333,127,56,15,7,4,199,149,74.9,0,40.3,13.4,46.3,12.8,12.1,22.8,92,578,,586,205,93.2,3.9,0,0,2.9,0
740000,Deerfield,,265,13.4,315,0.3,0.3,6.7,84.4,0,0,8.3,,,,,,,,,,,,,,,,,,,,,,,,,,,,,,,,,,,,,,,,,,,,
6450000,Dennis-Yarmouth,Dennis-Yarmouth,"1,454",12.6,"2,788",10.4,2.7,13.2,65,1.9,0.2,6.6,268,31,65,86,55,31,35.8,64.2,268,31,65,86,55,31,35.8,64.2,139,268,57,45,27,10,0,191,112,58.6,0,27.7,32.1,40.2,32.1,13.4,16.1,56,558,,531,199,92.5,3,0,0.5,4,0
6500000,Dighton-Rehoboth,Dighton-Rehoboth,"1,406",18.8,"2,616",1.6,1.3,4.4,88.8,0.1,0,3.7,247,28,59,68,68,24,35.2,64.8,247,28,59,68,68,24,35.2,64.8,118,247,46,35,22,10,5,176,123,69.9,0,39,19.5,41.5,18.7,8.1,18.7,219,549,,537,190,92.1,4.2,1.1,0,2.6,0
770000,Douglas,Douglas,564,18.1,"1,181",0.7,0.8,5.3,89.8,0,0.2,3.3,138,26,46,43,13,10,52.2,47.8,138,26,46,43,13,10,52.2,47.8,64,138,23,16,18,6,1,98,68,69.4,0,32.4,20.6,47.1,19.1,22.1,11.8,46,560,,535,109,89,7.3,0,0.9,2.8,0
780000,Dover,,164,17.4,491,3.3,14.9,4.1,72.7,0,0,5.1,,,,,,,,,,,,,,,,,,,,,,,,,,,,,,,,,,,,,,,,,,,,
6550000,Dover-Sherborn,Dover-Sherborn,679,16.9,"1,181",3.1,11.6,5,73.8,0.3,0,6.3,550,2,29,148,179,192,5.6,94.4,550,2,29,148,179,192,5.6,94.4,220,550,42,78,62,26,12,166,131,78.9,0,77.1,0.8,22.1,0.8,3.1,6.9,206,631,,642,168,96.4,3.6,0,0,0,0
790000,Dracut,Dracut,"2,220",14.5,"3,675",7.4,7.9,12.3,70.3,0.3,0,1.9,184,25,63,45,37,14,47.8,52.2,184,25,63,45,37,14,47.8,52.2,122,184,78,30,11,2,1,197,145,73.6,0,33.8,23.4,42.8,22.8,10.3,25.5,157,519,,512,211,92.4,4.3,1.9,0,1.4,0
4070000,Dudley Street Neighborhood Charter School (District),,15,21,277,61.7,0.7,33.6,2.9,0.4,0,0.7,,,,,,,,,,,,,,,,,,,,,,,,,,,,,,,,,,,,,,,,,,,,
6580000,Dudley-Charlton Reg,Dudley-Charlton Reg,"1,629",17.1,"3,474",1.7,1,9.7,84.3,0.2,0.1,3.1,476,101,138,141,55,41,50.2,49.8,476,101,138,141,55,41,50.2,49.8,265,476,132,74,43,13,3,269,195,72.5,0,42.1,19.5,38.5,16.9,17.9,11.3,218,568,,569,274,94.9,1.5,0,0.7,2.9,0
820000,Duxbury,Duxbury,"1,444",19,"2,810",0.5,1.3,2.6,91.7,0.1,0,3.8,682,82,140,179,172,109,32.6,67.4,682,82,140,179,172,109,32.6,67.4,323,682,130,84,65,32,12,255,207,81.2,0,54.6,1.4,44,1,2.9,14.5,344,592,,572,256,99.2,0.8,0,0,0,0
830000,East Bridgewater,East Bridgewater,"1,107",19,"2,126",4.5,0.8,3.7,87.5,0.5,0.1,3,285,57,119,54,38,17,61.8,38.2,285,57,119,54,38,17,61.8,38.2,136,285,40,55,29,12,0,169,124,73.4,0,31.5,13.7,54.8,13.7,21.8,21.8,75,556,,521,167,98.8,1.2,0,0,0,0
870000,East Longmeadow,East Longmeadow,"1,288",17.4,"2,426",3.5,5.9,9.8,77.4,0,0,3.4,257,27,53,78,61,38,31.1,68.9,257,27,53,78,61,38,31.1,68.9,155,257,84,42,27,2,0,222,156,70.3,0.6,48.7,26.3,24.4,22.4,6.4,10.9,115,569,,572,227,97.4,0.9,0,0,1.8,0
850000,Eastham,,190,10.2,194,8.3,2.1,5.7,76.3,0,0,7.7,,,,,,,,,,,,,,,,,,,,,,,,,,,,,,,,,,,,,,,,,,,,
860000,Easthampton,Easthampton,521,20.2,"1,453",1.4,3.2,14,77.1,0.3,0.1,3.9,154,44,52,33,18,7,62.3,37.7,154,44,52,33,18,7,62.3,37.7,115,154,84,23,8,0,0,118,73,61.9,0,28.8,50.7,20.5,46.6,13.7,1.4,33,534,,504,124,91.1,2.4,3.2,0,3.2,0
880000,Easton,Easton,"1,257",18,"3,454",7.3,3.4,6.9,78.1,0.4,0.1,3.9,529,64,136,149,112,68,37.8,62.2,529,64,136,149,112,68,37.8,62.2,267,529,108,90,45,17,7,260,217,83.5,0,41,5.5,53.5,5.5,13.8,20.7,340,577,,567,275,94.5,4.7,0,0,0.7,0
890000,Edgartown,,353,13.4,393,3.3,0.5,20.9,68.2,2.5,0,4.6,,,,,,,,,,,,,,,,,,,,,,,,,,,,,,,,,,,,,,,,,,,,
4520000,Edward M. Kennedy Academy for Health Careers (Horace Mann Charter) (District),Edward M. Kennedy Academy for Health Careers (Horace Mann Charter) (District),212,19.9,401,37.7,1.3,55.6,2.7,0.3,0,2.5,73,48,24,1,0,0,98.6,1.4,73,48,24,1,0,0,98.6,1.4,62,73,51,11,0,0,0,83,62,74.7,0,22.6,40.3,37.1,40.3,6.5,25.8,87,429,,425,84,97.6,2.4,0,0,0,0
910000,Erving,,36,12.4,113,0,0,6.2,84.1,0,0,9.7,,,,,,,,,,,,,,,,,,,,,,,,1,,,,,,,,,,,,,,,,,,,,
8170000,Essex North Shore Agricultural and Technical School District,Essex North Shore Agricultural and Technical School District,"1,150",16.9,"1,566",1.6,1.7,13.2,79.3,0.3,0.1,3.9,149,21,34,49,30,15,36.9,63.1,149,21,34,49,30,15,36.9,63.1,113,149,82,26,5,0,0,332,201,60.5,0,38.3,15.4,46.3,13.9,15.4,14.4,203,544,,519,333,99.7,0,0,0.3,0,0
930000,Everett,Everett,"3,499",20,"7,204",14.9,5.5,60.2,17.6,0.3,0.1,1.5,355,134,110,66,33,12,68.7,31.3,355,134,110,66,33,12,68.7,31.3,221,355,125,64,27,4,1,424,190,44.8,0,35.3,18.9,45.8,18.4,16.8,27.9,52,510,,495,550,75.5,7.5,5.5,0,11.6,0
4100000,Excel Academy Charter (District),Excel Academy Charter (District),366,24.3,"1,398",6,0.9,79.5,11.8,0.7,0.4,0.6,602,291,175,79,36,21,77.4,22.6,602,291,175,79,36,21,77.4,22.6,310,602,123,103,64,19,1,145,97,66.9,0,44.3,11.3,44.3,11.3,13.4,29.9,142,465,,474,145,95.2,0.7,0,1.4,2.8,0
940000,Fairhaven,Fairhaven,"1,085",8.2,"1,713",2.6,1.9,5.6,85.6,0.8,0,3.6,314,19,88,104,78,25,34.1,65.9,314,19,88,104,78,25,34.1,65.9,180,314,76,77,24,3,0,160,112,70,0,14.3,33.9,51.8,33.9,17.9,25,53,575,,591,164,95.1,2.4,0,0,2.4,0
950000,Fall River,Fall River,"5,358",14.3,"10,333",9.5,3.5,30,48,0.1,0.1,8.9,487,123,154,148,52,10,56.9,43.1,487,123,154,148,52,10,56.9,43.1,248,487,109,71,41,22,5,467,194,41.5,0,17,47.9,35.1,47.4,13.4,17.5,154,518,,510,644,71.4,4.5,9,1.6,13.5,0
960000,Falmouth,Falmouth,"1,717",14.8,"3,019",5.1,1.8,7.6,78,0.9,0,6.6,230,36,47,66,56,25,36.1,63.9,230,36,47,66,56,25,36.1,63.9,113,230,46,33,20,12,2,197,145,73.6,0,42.1,11.7,46.2,11.7,14.5,22.1,110,583,,570,219,90,2.7,0,1.8,5.5,0
6620000,Farmington River Reg,,76,13.8,118,0,0,4.2,95.8,0,0,0,,,,,,,,,,,,,,,,,,,,,,,,,,,,,,,,,,,,,,,,,,,,
970000,Fitchburg,Fitchburg,"2,455",18.6,"5,193",6.3,4.3,55.9,25.8,0,0,7.7,494,245,134,66,35,14,76.7,23.3,494,245,134,66,35,14,76.7,23.3,234,494,113,41,37,28,15,383,124,32.4,0,18.5,33.9,47.6,33.9,31.5,11.3,105,520,,502,376,87.2,6.1,0.8,0.5,5.3,0
980000,Florida,,89,9.2,86,2.3,0,0,97.7,0,0,0,,,,,,,,,,,,,,,,,,,,,,,,,,,,,,,,,,,,,,,,,,,,
4130000,Four Rivers Charter Public (District),,187,17.2,215,0.9,1.4,7.4,83.3,0.5,0,6.5,,,,,,,,,,,,,,,,,,,,,,,,31,18,58.1,0,27.8,44.4,27.8,44.4,11.1,11.1,,,,,37,83.8,2.7,0,5.4,8.1,0
990000,Foxborough,Foxborough,"1,332",16.7,"2,426",6.7,4.5,6.9,78.1,0.4,0.1,3.3,426,34,107,109,110,66,33.1,66.9,426,34,107,109,110,66,33.1,66.9,206,426,85,51,47,17,6,208,165,79.3,0,41.2,8.5,49.1,7.3,12.1,15.2,198,554,,568,216,95.8,3.7,0,0,0.5,0
4460000,Foxborough Regional Charter (District),Foxborough Regional Charter (District),687,20.2,"1,687",51.7,9.7,6.1,27.2,0.1,0.2,5,176,27,45,54,39,11,40.9,59.1,176,27,45,54,39,11,40.9,59.1,106,176,54,35,16,1,0,63,51,81,0,35.3,23.5,41.2,21.6,5.9,25.5,50,560,,534,61,100,0,0,0,0,0
1000000,Framingham,Framingham,"6,754",12.4,"8,862",6.9,4.4,37.9,46.3,0.1,0.1,4.5,820,78,148,225,225,144,27.6,72.4,820,78,148,225,225,144,27.6,72.4,427,820,196,120,70,32,9,515,315,61.2,0,36.2,17.5,46.3,16.5,13.3,21.3,197,592,,612,599,82.6,7.7,1.3,0.5,7.8,0
4780000,Francis W. Parker Charter Essential (District),Francis W. Parker Charter Essential (District),252,16.6,391,1.8,2.6,4.1,87.2,0,0,4.4,14,2,6,3,1,2,57.1,42.9,14,2,6,3,1,2,57.1,42.9,11,14,8,3,0,0,0,51,39,76.5,0,43.6,15.4,41,12.8,10.3,12.8,64,604,,554,53,92.5,5.7,0,1.9,0,0
1010000,Franklin,Franklin,"2,707",15.4,"4,847",2.1,6.1,4.9,84.1,0.1,0.6,2,"1,022",125,186,269,286,156,30.4,69.6,"1,022",125,186,269,286,156,30.4,69.6,494,"1,022",225,114,88,40,27,424,363,85.6,0,42.4,5,52.6,4.7,10.5,19.3,531,580,,571,436,97,2.3,0,0,0.7,0
8180000,Franklin County Regional Vocational Technical,Franklin County Regional Vocational Technical,250,13,543,0.7,0,6.8,89,0.2,0.7,2.6,14,8,2,2,2,0,71.4,28.6,14,8,2,2,2,0,71.4,28.6,13,14,12,1,0,0,0,105,16,15.2,0,6.3,75,18.8,62.5,6.3,6.3,11,503,,514,117,86.3,5.1,1.7,0.9,6,0
6650000,Freetown-Lakeville,Freetown-Lakeville,"1,005",17,"2,603",2.1,0.7,2.3,92.4,0.1,0,2.5,336,39,78,104,84,31,34.8,65.2,336,39,78,104,84,31,34.8,65.2,174,336,67,63,33,11,0,176,122,69.3,0,33.6,13.1,53.3,13.1,18.9,18.9,90,575,,569,181,95.6,2.2,1.1,0,1.1,0
6700000,Frontier,Frontier,529,12,649,2.5,2.9,6.6,83.8,0,0.2,4,182,23,47,45,37,30,38.5,61.5,182,23,47,45,37,30,38.5,61.5,110,182,60,31,16,3,0,95,58,61.1,0,22.4,39.7,37.9,39.7,6.9,19,13,616,,596,101,92.1,5,0,0,3,0
1030000,Gardner,Gardner,700,16.7,"2,148",2.9,2.3,24.6,62.3,0.1,0,7.7,115,38,34,20,15,8,62.6,37.4,115,38,34,20,15,8,62.6,37.4,62,115,30,16,11,5,0,198,97,49,0,17.5,42.3,40.2,41.2,19.6,11.3,65,518,,510,209,83.3,8.1,0,0.5,8.1,0
6720000,Gateway,Gateway,555,12.6,758,0.5,0.3,6.1,91.3,0.3,0.1,1.5,50,6,12,17,11,4,36,64,50,6,12,17,11,4,36,64,28,50,18,4,1,4,1,54,30,55.6,0,40,16.7,43.3,16.7,23.3,10,13,583,,559,56,92.9,3.6,0,0,3.6,0
1050000,Georgetown,Georgetown,623,14.9,"1,223",0.8,1,2.4,93.7,0,0.2,2,117,3,12,33,39,30,12.8,87.2,117,3,12,33,39,30,12.8,87.2,66,117,31,22,10,3,0,109,90,82.6,0,41.1,14.4,44.4,14.4,2.2,12.2,114,577,,569,112,95.5,1.8,0,0,2.7,0
6740000,Gill-Montague,Gill-Montague,519,13.5,845,1.5,0.4,15.2,76,0.1,0.2,6.6,30,7,13,6,3,1,66.7,33.3,30,7,13,6,3,1,66.7,33.3,20,30,13,4,3,0,0,48,24,50,0,20.8,50,29.2,50,8.3,16.7,,,,,58,79.3,8.6,0,3.4,8.6,0
4960000,Global Learning Charter Public (District),,347,16.9,503,10.7,1.4,46.7,35.8,0.6,0,4.8,,,,,,,,,,,,,,,,,,,,,,,,29,21,72.4,0,0,33.3,66.7,33.3,14.3,52.4,13,538,,511,32,93.8,3.1,0,0,3.1,0
1070000,Gloucester,Gloucester,"1,446",13.1,"2,691",1.8,1.2,12.9,79.7,0.3,0.3,3.8,160,33,39,42,28,18,45,55,160,33,39,42,28,18,45,55,96,160,50,32,10,4,0,177,87,49.2,0,39.1,28.7,32.2,26.4,17.2,9.2,95,542,,532,190,83.7,9.5,0.5,0.5,5.8,0
1090000,Gosnold,,10,2.8,6,0,0,0,100,0,0,0,,,,,,,,,,,,,,,,,,,,,,,,,,,,,,,,,,,,,,,,,,,,
1100000,Grafton,Grafton,"1,948",16,"3,152",2.2,12.6,6,76,0.2,0.1,2.9,332,32,54,100,99,47,25.9,74.1,332,32,54,100,99,47,25.9,74.1,192,332,96,59,30,7,0,197,158,80.2,0,33.5,17.1,49.4,16.5,12,19.6,163,581,,588,212,91.5,3.3,0,0.5,4.7,0
1110000,Granby,Granby,390,14.1,715,0.1,1.3,10.4,83.9,0.3,0,4.1,64,7,27,23,5,2,53.1,46.9,64,7,27,23,5,2,53.1,46.9,39,64,20,14,4,1,0,56,43,76.8,0,27.9,39.5,32.6,39.5,14,16.3,34,554,,558,58,96.6,1.7,0,0,1.7,0
8210000,Greater Fall River Regional Vocational Technical,Greater Fall River Regional Vocational Technical,860,16,"1,439",3.3,2.2,12.2,75.5,0.7,0,6.1,78,41,25,10,2,0,84.6,15.4,78,41,25,10,2,0,84.6,15.4,61,78,45,15,1,0,0,324,141,43.5,0,17.7,55.3,27,53.9,2.8,19.1,57,525,,506,338,95.6,0.6,0.6,0.3,3,0
8230000,Greater Lawrence Regional Vocational Technical,,"1,787",13.7,"1,629",1.2,1.2,82,15.4,0.1,0.1,0.1,,,,,,,,,,,,,,,,,,,,,,,,358,142,39.7,0,14.8,64.1,21.1,59.9,12,8.5,8,,,,368,96.2,2.2,0,0.5,1.1,0
8280000,Greater Lowell Regional Vocational Technical,Greater Lowell Regional Vocational Technical,"1,444",17.9,"2,286",5.2,17.2,36,38.4,0.2,0,3.1,131,42,45,32,10,2,66.4,33.6,131,42,45,32,10,2,66.4,33.6,105,131,82,21,1,1,0,489,163,33.3,0,17.2,46,36.8,45.4,5.5,27.6,37,504,,492,513,94.7,2.3,0.6,0.4,1.9,0
8250000,Greater New Bedford Regional Vocational Technical,Greater New Bedford Regional Vocational Technical,"1,986",15.1,"2,106",8,1.1,25.4,59.3,0.4,0.1,5.8,79,10,49,14,5,1,74.7,25.3,79,10,49,14,5,1,74.7,25.3,67,79,56,10,1,0,0,511,240,47,0,15,42.5,42.5,42.1,12.5,25,12,543,,533,546,91.6,1.6,0,0,6.4,0.4
1140000,Greenfield,Greenfield,722,16.3,"1,556",3,1.4,20.4,69.5,0.3,0,5.4,129,30,49,26,14,10,61.2,38.8,129,30,49,26,14,10,61.2,38.8,66,129,26,21,16,2,1,67,39,58.2,0,30.8,35.9,33.3,33.3,10.3,15.4,2,,,,73,90.4,5.5,0,2.7,1.4,0
39010000,Greenfield Commonwealth Virtual District,Greenfield Commonwealth Virtual District,340,18.6,"1,002",7.4,4.5,20.9,59.8,0.1,0.3,7.1,27,6,7,8,4,2,48.1,51.9,27,6,7,8,4,2,48.1,51.9,19,27,13,5,0,1,0,59,14,23.7,0,35.7,42.9,21.4,42.9,0,21.4,7,,,,118,38.1,20.3,0,5.1,36.4,0
6730000,Groton-Dunstable,Groton-Dunstable,"1,099",16.8,"2,274",1.1,7.1,3.5,84.7,0.3,0.1,3.3,370,23,70,110,102,65,25.1,74.9,370,23,70,110,102,65,25.1,74.9,198,370,78,76,36,8,0,183,160,87.4,0,39.4,12.5,48.1,11.3,6.3,20.6,264,600,,621,185,97.8,2.2,0,0,0,0
1170000,Hadley,Hadley,399,16.2,507,4.1,4.5,9.7,75.9,0.4,2.4,3,44,6,7,23,4,4,29.5,70.5,44,6,7,23,4,4,29.5,70.5,33,44,25,5,3,0,0,30,24,80,0,29.2,29.2,41.7,29.2,8.3,12.5,14,595,,575,33,87.9,6.1,0,0,6.1,0
1180000,Halifax,,274,17.9,568,1.4,0,6,89.6,0.4,0,2.6,,,,,,,,,,,,,,,,,,,,,,,,3,,,,,,,,,,,,,,,,,,,,
6750000,Hamilton-Wenham,Hamilton-Wenham,"1,221",11.8,"1,683",0.5,3.7,5.2,87.8,0,0.2,2.7,219,38,45,61,53,22,37.9,62.1,219,38,45,61,53,22,37.9,62.1,133,219,74,40,14,3,2,146,119,81.5,0,57.1,5.9,37,5,1.7,10.9,124,592,,587,143,97.2,1.4,0.7,0,0.7,0
4990000,Hampden Charter School of Science East (District),Hampden Charter School of Science East (District),252,19,536,30.8,2.2,36.9,26.1,0.6,0,3.4,200,55,48,59,32,6,51.5,48.5,200,55,48,59,32,6,51.5,48.5,115,200,58,34,18,5,0,48,39,81.3,0,53.8,15.4,30.8,15.4,23.1,7.7,42,538,,532,48,95.8,4.2,0,0,0,0
35160000,Hampden Charter School of Science West (District),Hampden Charter School of Science West (District),162,17.4,327,16.2,1.2,33.9,47.1,0,0,1.5,2,,,,,,,,2,,,,,,,,1,,,,,,,,,,,,,,,,,,,,,,,,,,,
6800000,Hampden-Wilbraham,Hampden-Wilbraham,"1,154",17.9,"2,892",3,2.4,8.6,82.4,0.2,0.1,3.4,274,15,48,85,83,43,23,77,274,15,48,85,83,43,23,77,156,274,78,45,28,3,2,259,207,79.9,0,46.4,29.5,24.2,24.6,8.2,5.3,290,557,,566,266,96.2,0.4,0,0.8,2.6,0
6830000,Hampshire,Hampshire,576,11.2,684,0.3,1.3,4.1,91.2,0.2,0,2.9,169,28,47,49,32,13,44.4,55.6,169,28,47,49,32,13,44.4,55.6,110,169,71,27,6,4,2,119,86,72.3,0,22.1,41.9,36,41.9,10.5,9.3,53,604,,576,124,93.5,0,0,2.4,4,0
1210000,Hancock,,76,7,56,3.6,3.6,1.8,89.3,0,0,1.8,,,,,,,,,,,,,,,,,,,,,,,,,,,,,,,,,,,,,,,,,,,,
1220000,Hanover,Hanover,"1,468",17.7,"2,641",1.3,2.3,2.4,93.3,0,0,0.6,494,54,138,148,113,41,38.9,61.1,494,54,138,148,113,41,38.9,61.1,259,494,124,74,39,11,11,190,154,81.1,0,48.7,7.8,43.5,7.1,12.3,14.9,208,561,,558,190,96.8,2.6,0,0,0.5,0
1250000,Harvard,Harvard,600,14.2,"1,008",2.4,12.6,4.5,75.9,0,0,4.7,257,6,27,58,68,98,12.8,87.2,257,6,27,58,68,98,12.8,87.2,129,257,58,35,20,13,3,87,74,85.1,0,56.8,1.4,41.9,1.4,4.1,21.6,80,632,,628,90,96.7,2.2,0,0,1.1,0
1270000,Hatfield,Hatfield,293,12.1,394,0.3,1,4.3,92.4,0,0,2,65,8,30,19,3,5,58.5,41.5,65,8,30,19,3,5,58.5,41.5,47,65,30,16,1,0,0,31,23,74.2,0,47.8,13,39.1,13,0,17.4,6,,,,32,96.9,0,0,0,3.1,0
1280000,Haverhill,Haverhill,"3,998",17.2,"7,848",5.2,1.8,40.9,49.7,0.2,0.1,2.1,483,104,145,131,75,28,51.6,48.4,483,104,145,131,75,28,51.6,48.4,275,483,142,78,38,14,3,413,235,56.9,0,28.5,34.9,36.6,34,6,17,110,547,,545,491,80.4,10.4,0.4,1,7.7,0
6850000,Hawlemont,,39,15.5,124,0,0,4.8,90.3,0.8,0,4,,,,,,,,,,,,,,,,,,,,,,,,,,,,,,,,,,,,,,,,,,,,
4190000,Helen Y. Davis Leadership Academy Charter Public (District),,64,14.7,189,75.7,0,22.2,1.1,0,0.5,0.5,,,,,,,,,,,,,,,,,,,,,,,,,,,,,,,,,,,,,,,,,,,,
4550000,Hill View Montessori Charter Public (District),,122,20.7,304,5.3,0.3,29.3,61.2,0,0,4,,,,,,,,,,,,,,,,,,,,,,,,,,,,,,,,,,,,,,,,,,,,
4500000,Hilltown Cooperative Charter Public (District),,53,25.7,218,0.9,2.8,3.2,79.8,0,0,13.3,,,,,,,,,,,,,,,,,,,,,,,,,,,,,,,,,,,,,,,,,,,,
1310000,Hingham,Hingham,"2,293",13.4,"3,941",1.9,2.9,3.6,88.2,0.1,0,3.4,588,15,62,170,196,145,13.1,86.9,588,15,62,170,196,145,13.1,86.9,304,588,131,85,70,14,4,309,256,82.8,0,56.6,6.3,37.1,6.3,3.9,10.2,365,619,,615,311,98.4,1.3,0,0.3,0,0
1330000,Holbrook,Holbrook,695,15.3,"1,281",21.6,5.9,14.4,50.1,0.3,0,7.7,74,7,33,18,10,6,54.1,45.9,74,7,33,18,10,6,54.1,45.9,41,74,23,7,7,4,0,71,47,66.2,0,29.8,21.3,48.9,19.1,8.5,38.3,4,,,,81,88.9,4.9,1.2,2.5,2.5,0
1350000,Holland,,79,15.3,202,1,1.5,7.9,87.1,0.5,0,2,,,,,,,,,,,,,,,,,,,,,,,,,,,,,,,,,,,,,,,,,,,,
1360000,Holliston,Holliston,"1,210",21.7,"2,776",1.2,9.6,5.4,80.6,0.3,0.2,2.8,452,67,103,117,98,67,37.6,62.4,452,67,103,117,98,67,37.6,62.4,254,452,121,80,42,10,1,225,178,79.1,0,57.9,4.5,37.6,3.4,5.6,11.8,204,601,,601,229,96.1,3.5,0,0,0.4,0
1370000,Holyoke,Holyoke,"2,310",17.1,"5,095",3.3,0.6,80.8,13.9,0.1,0,1.4,109,44,35,13,10,7,72.5,27.5,109,44,35,13,10,7,72.5,27.5,71,109,44,18,7,2,0,305,111,36.4,0,29.7,42.3,27.9,39.6,15.3,3.6,30,542,,493,383,72.1,10.7,3.4,1.3,12.5,0
4530000,Holyoke Community Charter (District),,184,22.8,701,0.7,1,92.7,3.7,0,0,1.9,,,,,,,,,,,,,,,,,,,,,,,,,,,,,,,,,,,,,,,,,,,,
6030000,Hoosac Valley Regional,Hoosac Valley Regional,565,14.6,980,3,0.6,3,91.1,0.2,0,2.1,120,41,47,22,8,2,73.3,26.7,120,41,47,22,8,2,73.3,26.7,76,120,47,14,15,0,0,67,41,61.2,0,46.3,12.2,41.5,9.8,19.5,7.3,30,525,,531,75,84,8,1.3,0,6.7,0
1380000,Hopedale,Hopedale,733,12.8,"1,094",1.1,1.8,9.5,82.5,0.2,0.2,4.8,156,21,31,49,39,16,33.3,66.7,156,21,31,49,39,16,33.3,66.7,97,156,59,22,12,3,1,69,58,84.1,0,25.9,5.2,69,1.7,31,13.8,81,583,,565,73,93.2,1.4,2.7,1.4,1.4,0
1390000,Hopkinton,Hopkinton,"2,249",19.7,"3,974",0.7,24.1,4.1,66.6,0.3,0,4.2,"1,087",33,78,267,374,335,10.2,89.8,"1,087",33,78,267,374,335,10.2,89.8,498,"1,087",192,131,94,55,26,295,249,84.4,0,49.8,1.6,48.6,1.6,6.4,17.7,344,625,,640,297,98.7,1.3,0,0,0,0
1410000,Hudson,Hudson,"1,414",15.4,"2,432",2.3,1.6,15.3,77.8,0.2,0,2.9,193,35,59,48,36,15,48.7,51.3,193,35,59,48,36,15,48.7,51.3,125,193,68,46,11,0,0,179,126,70.4,0,43.7,15.1,41.3,12.7,15.9,16.7,150,558,,538,192,90.1,5.7,0,1,3.1,0
1420000,Hull,Hull,525,10.1,812,1.5,1.4,4.3,90.3,0.1,0,2.5,107,10,35,21,31,10,42.1,57.9,107,10,35,21,31,10,42.1,57.9,56,107,28,12,11,4,1,73,46,63,0,30.4,10.9,58.7,10.9,17.4,26.1,47,575,,550,72,95.8,1.4,0,1.4,1.4,0
4350000,Innovation Academy Charter (District),Innovation Academy Charter (District),658,12.4,787,8.3,8.5,11.2,67.1,0.1,0,4.8,5,,,,,,,,5,,,,,,,,5,,,,,,,83,63,75.9,0,49.2,15.9,34.9,15.9,11.1,20.6,17,672,,702,88,92,5.7,0,0,2.3,0
1440000,Ipswich,Ipswich,"1,017",15.1,"1,604",1.3,1.3,7.1,86.3,0.1,0,4,266,9,48,63,66,80,21.4,78.6,266,9,48,63,66,80,21.4,78.6,121,266,44,31,30,10,6,133,93,69.9,0,45.2,11.8,43,11.8,7.5,19.4,145,575,,572,142,90.8,4.2,0,0,4.9,0
4630000,KIPP Academy Boston Charter School (District),,127,31.9,620,65.2,0,32.9,0.5,0.5,0,1,,,,,,,,,,,,,,,,,,,,,,,,,,,,,,,,,,,,,,,,,,,,
4290000,KIPP Academy Lynn Charter (District),KIPP Academy Lynn Charter (District),483,24.3,"1,611",18.3,3.3,69.9,5.7,0.2,0.1,2.6,155,72,53,21,4,5,80.6,19.4,155,72,53,21,4,5,80.6,19.4,101,155,58,33,9,1,0,112,77,68.8,0,27.3,14.3,58.4,14.3,26,29.9,2,,,,109,98.2,0,0,0,1.8,0
6900000,King Philip,King Philip,815,18,"1,943",2.3,2.6,4.6,87.8,0.2,0,2.5,827,50,184,224,227,142,28.3,71.7,827,50,184,224,227,142,28.3,71.7,378,827,139,100,85,40,14,328,269,82,0,50.6,6.7,42.8,5.2,8.9,16,461,576,,556,345,93.6,4.1,0.3,0,2,0
1450000,Kingston,,402,19.9,"1,028",0.5,0.6,2.5,95.3,0.3,0,0.8,,,,,,,,,,,,,,,,,,,,,,,,2,,,,,,,,,,,,,,,,,,,,
1490000,Lawrence,Lawrence,"6,805",17.9,"13,204",1.3,1.2,93.8,3.2,0,0,0.4,362,182,94,41,25,20,76.2,23.8,362,182,94,41,25,20,76.2,23.8,210,362,105,75,16,11,3,759,347,45.7,0.3,19.6,55.6,24.5,53.9,4,18.4,13,537,,541,984,72.8,12,5.9,0.5,8.8,0
4540000,Lawrence Family Development Charter (District),,406,19.1,795,0.4,0.1,98.6,0.9,0,0,0,,,,,,,,,,,,,,,,,,,,,,,,,,,,,,,,,,,,,,,,,,,,
4860000,Learning First Charter Public School (District),,234,24.7,666,45.8,0.2,45.8,6.2,0,0,2.1,,,,,,,,,,,,,,,,,,,,,,,,,,,,,,,,,,,,,,,,,,,,
1500000,Lee,Lee,686,8.2,673,0.9,2.8,8.6,84.3,0.3,0,3.1,63,3,22,22,10,6,39.7,60.3,63,3,22,22,10,6,39.7,60.3,31,63,14,6,7,4,0,51,25,49,0,44,20,36,20,4,0,63,546,,542,53,92.5,5.7,0,0,1.9,0
1510000,Leicester,Leicester,933,13.7,"1,387",5.6,3.1,13.5,74.5,0.1,0,3.2,102,17,27,31,21,6,43.1,56.9,102,17,27,31,21,6,43.1,56.9,69,102,44,17,8,0,0,126,84,66.7,0,39.3,20.2,40.5,20.2,26.2,7.1,48,550,,535,135,92.6,3,0,0,4.4,0
1520000,Lenox,Lenox,569,12.1,744,0.5,5,9.3,80,0,0.3,5,105,23,38,12,13,19,58.1,41.9,105,23,38,12,13,19,58.1,41.9,59,105,27,19,12,1,0,62,41,66.1,0,39,22,39,22,4.9,14.6,26,600,,582,62,100,0,0,0,0,0
1530000,Leominster,Leominster,"2,363",19.6,"5,969",8.8,3.4,39,44.4,0.1,0.1,4.4,300,108,66,58,45,23,58,42,300,108,66,58,45,23,58,42,152,300,71,39,24,11,7,423,229,54.1,0,19.2,24,56.8,23.6,28.4,22.7,103,548,,549,444,93.5,3.8,0.5,0.7,1.6,0
1540000,Leverett,,57,16.9,118,0,0,2.5,89,0,0,8.5,,,,,,,,,,,,,,,,,,,,,,,,,,,,,,,,,,,,,,,,,,,,
1550000,Lexington,Lexington,"3,443",17.4,"6,945",3.9,41.9,4.8,41.8,0.1,0,7.5,"1,848",47,142,341,565,753,10.2,89.8,"1,848",47,142,341,565,753,10.2,89.8,974,"1,848",432,326,125,71,20,551,444,80.6,0,61.3,4.1,34.7,4.1,1.8,13.1,640,667,,689,564,96.6,3,0,0.2,0.2,0
35140000,Libertas Academy Charter School (District),,80,18.7,262,14.5,0.8,80.2,2.3,0.8,0,1.5,,,,,,,,,,,,,,,,,,,,,,,,,,,,,,,,,,,,,,,,,,,,
1570000,Lincoln,,275,21.6,"1,029",10,5.1,17.6,55.1,0.2,0.6,11.5,,,,,,,,,,,,,,,,,,,,,,,,,,,,,,,,,,,,,,,,,,,,
6950000,Lincoln-Sudbury,Lincoln-Sudbury,"1,138",17.8,"1,522",5.3,4.3,5.3,77.3,0.1,0.1,7.7,359,10,12,66,113,158,6.1,93.9,359,10,12,66,113,158,6.1,93.9,255,359,179,54,17,4,1,353,307,87,0,66.4,1.6,31.9,1.6,1.6,11.4,449,629,,645,362,95.6,2.8,0.3,0.3,1.1,0
1580000,Littleton,Littleton,807,17.6,"1,578",0.9,12.4,3.2,80.8,0.2,0.2,2.3,186,8,23,38,57,60,16.7,83.3,186,8,23,38,57,60,16.7,83.3,99,186,43,30,21,5,0,116,99,85.3,1,37.4,11.1,50.5,11.1,11.1,19.2,87,615,,620,127,90.6,6.3,0.8,0,2.4,0
1590000,Longmeadow,Longmeadow,"1,566",15.5,"2,765",2.6,10.5,5.8,76.6,0,0.1,4.4,269,14,43,68,97,47,21.2,78.8,269,14,43,68,97,47,21.2,78.8,144,269,71,42,13,15,3,258,208,80.6,0,49.5,15.9,34.6,13.5,3.4,18.3,138,615,,619,256,98,1.6,0,0.4,0,0
1600000,Lowell,Lowell,"8,901",18.1,"14,364",8.1,27.9,35.6,24.4,0,0,4,214,54,65,42,33,20,55.6,44.4,214,54,65,42,33,20,55.6,44.4,144,214,87,44,13,0,0,738,416,56.4,0,19.5,37.7,42.8,37.3,6.7,32,151,523,,533,863,80.9,7.8,0.2,1.7,9.4,0
4560000,Lowell Community Charter Public (District),,234,20.6,796,24.5,18.2,48.7,4.7,0,0,3.9,,,,,,,,,,,,,,,,,,,,,,,,,,,,,,,,,,,,,,,,,,,,
4580000,Lowell Middlesex Academy Charter (District),,101,11.3,81,3.7,7.4,39.5,39.5,0,0,9.9,,,,,,,,,,,,,,,,,,,,,,,,17,4,23.5,0,0,100,0,100,0,0,,,,,44,18.2,61.4,0,0,20.5,0
1610000,Ludlow,Ludlow,"1,596",11.3,"2,402",1.9,0.7,12.9,80.8,0,0.1,3.5,250,36,98,74,32,10,53.6,46.4,250,36,98,74,32,10,53.6,46.4,139,250,66,39,30,4,0,191,139,72.8,0,38.1,33.8,28.1,33.8,9.4,13.7,170,551,,541,203,93.6,1.5,1,0.5,3.4,0
1620000,Lunenburg,Lunenburg,890,17,"1,595",2,1.5,9.5,83.4,0.3,0.6,2.7,169,7,33,61,44,24,23.7,76.3,169,7,33,61,44,24,23.7,76.3,92,169,37,37,15,2,1,97,78,80.4,0,37.2,10.3,52.6,10.3,26.9,11.5,53,573,,581,99,98,1,0,0,1,0
1630000,Lynn,Lynn,"5,093",15.4,"12,825",8.2,7.5,67.9,13,0.3,0,3.1,781,370,229,115,48,19,76.7,23.3,781,370,229,115,48,19,76.7,23.3,428,781,237,86,60,35,10,1062,436,41.1,0,27.8,32.3,39.9,31.2,21.8,15.4,115,533,,521,"1,254",79,6.1,0.6,0.6,13.7,0
1640000,Lynnfield,Lynnfield,861,17.6,"2,179",1.9,6.9,5.8,82.2,0,0,3.2,403,43,90,119,96,55,33,67,403,43,90,119,96,55,33,67,188,403,76,54,30,17,11,157,134,85.4,0,44,9,47,8.2,5.2,16.4,168,562,,565,159,97.5,1.3,0,0,1.3,0
4690000,MATCH Charter Public School (District),MATCH Charter Public School (District),357,19.9,"1,220",48,0.5,46.8,1.5,0.4,0.3,2.5,230,169,52,9,0,0,96.1,3.9,230,169,52,9,0,0,96.1,3.9,148,230,110,15,6,13,4,73,55,75.3,0,41.8,10.9,47.3,10.9,12.7,32.7,72,455,,503,72,87.5,8.3,0,1.4,2.8,0
4680000,Ma Academy for Math and Science,Ma Academy for Math and Science,32,11,44,0,63.6,0,31.8,0,0,4.6,129,3,20,19,43,44,17.8,82.2,129,3,20,19,43,44,17.8,82.2,50,129,9,18,10,12,1,48,44,91.7,0,77.3,0,22.7,0,0,6.8,62,721,,770,48,100,0,0,0,0,0
1650000,Malden,Malden,"2,778",18.6,"6,237",19.4,23,26.4,27.1,0.3,0,3.9,391,70,116,105,60,40,47.6,52.4,391,70,116,105,60,40,47.6,52.4,240,391,125,85,24,6,0,397,213,53.7,0.5,26.8,35.7,37.1,35.2,5.2,30.5,80,554,,584,488,78.1,9,3.1,0.8,9,0
6980000,Manchester Essex Regional,Manchester Essex Regional,671,14.8,"1,271",0.5,1.2,1.3,96.5,0,0,0.6,391,34,53,128,107,69,22.3,77.7,391,34,53,128,107,69,22.3,77.7,160,391,43,46,43,15,13,112,93,83,0,40.9,11.8,47.3,9.7,2.2,23.7,60,617,,626,111,99.1,0.9,0,0,0,0
1670000,Mansfield,Mansfield,"1,525",15,"3,527",4.5,7.5,6.2,77.4,0.1,0,4.1,544,25,97,175,160,87,22.4,77.6,544,25,97,175,160,87,22.4,77.6,297,544,140,83,61,10,3,303,262,86.5,0,38.5,4.6,56.5,4.2,10.3,22.1,280,587,,587,308,97.1,1.9,0,0,1,0
35170000,Map Academy Charter School (District),,130,15.1,203,4.9,0.5,15.3,71.9,1,0.5,5.9,,,,,,,,,,,,,,,,,,,,,,,,13,,,,,,,,,,,,,,40,17.5,82.5,0,0,0,0
1680000,Marblehead,Marblehead,"1,603",16.2,"2,723",3,1.4,6.9,85.2,0,0,3.4,701,61,183,199,162,96,34.8,65.2,701,61,183,199,162,96,34.8,65.2,329,701,138,90,45,36,20,253,200,79.1,0,45.5,2.5,52,2,7,10,289,608,,599,263,95.1,3.4,0.4,0.4,0.8,0
4640000,Marblehead Community Charter Public (District),,89,18.2,211,5.7,1.9,9.5,80.1,0,0,2.8,,,,,,,,,,,,,,,,,,,,,,,,,,,,,,,,,,,,,,,,,,,,
1690000,Marion,,313,9.4,403,4.5,1.5,4,84.1,0,0,6,,,,,,,,,,,,,,,,,,,,,,,,,,,,,,,,,,,,,,,,,,,,
1700000,Marlborough,Marlborough,"3,081",12.2,"4,901",3.8,0.7,52.8,38,0,0,4.7,373,120,124,81,30,18,65.4,34.6,373,120,124,81,30,18,65.4,34.6,168,373,57,52,31,23,5,247,134,54.3,0,32.8,18.7,48.5,18.7,18.7,20.9,149,526,,515,268,89.9,6.3,0,0,3.7,0
1710000,Marshfield,Marshfield,"2,148",11.6,"3,817",0.7,1.1,3.6,92.3,0.2,0.2,2,397,37,82,146,92,40,30,70,397,37,82,146,92,40,30,70,204,397,90,58,35,19,2,325,253,77.8,0,37.5,10.7,51.4,9.9,13.4,19,273,574,,569,332,97.6,0.9,0,0,1.5,0
7000000,Martha's Vineyard,Martha's Vineyard,423,12.8,677,5.5,1.3,20.8,65.3,2.1,0.2,4.9,328,67,92,88,62,19,48.5,51.5,328,67,92,88,62,19,48.5,51.5,150,328,55,48,24,11,12,156,102,65.4,0,47.1,7.8,45.1,7.8,8.8,10.8,136,572,,564,172,90.1,3.5,1.2,0,5.2,0
4660000,Martha's Vineyard Charter (District),,86,11.6,166,0.6,0.6,13.3,70.5,1.8,0,13.3,,,,,,,,,,,,,,,,,,,,,,,,4,,,,,,,,,,2,,,,,,,,,,
4920000,Martin Luther King Jr. Charter School of Excellence (District),,108,20,360,30.3,1.1,64.2,3.6,0.3,0,0.6,,,,,,,,,,,,,,,,,,,,,,,,,,,,,,,,,,,,,,,,,,,,
7050000,Masconomet,Masconomet,940,15.8,"1,692",0.7,3.7,3.1,90,0.1,0.2,2.4,339,11,45,80,128,75,16.5,83.5,339,11,45,80,128,75,16.5,83.5,207,339,113,63,24,7,0,281,248,88.3,0,47.2,9.3,43.5,8.9,5.2,13.7,282,592,,601,291,95.9,2.4,0,0,1.7,0
1720000,Mashpee,Mashpee,959,14.8,"1,525",5.1,1.9,5.9,71.9,5.6,0.1,9.5,196,35,62,46,39,14,49.5,50.5,196,35,62,46,39,14,49.5,50.5,103,196,50,20,27,5,1,109,76,69.7,0,35.5,27.6,36.8,26.3,9.2,11.8,40,575,,564,117,90.6,4.3,0,0.9,4.3,0
1730000,Mattapoisett,,402,10.5,412,0.2,1,5.1,88.1,0,0,5.6,,,,,,,,,,,,,,,,,,,,,,,,,,,,,,,,,,,,,,,,,,,,
1740000,Maynard,Maynard,805,15.6,"1,189",1.8,2,13.2,78.3,0.2,0,4.5,130,12,36,32,27,23,36.9,63.1,130,12,36,32,27,23,36.9,63.1,86,130,52,26,6,2,0,91,60,65.9,0,41.7,8.3,50,8.3,11.7,26.7,31,640,,621,98,88.8,2,2,2,5.1,0
1750000,Medfield,Medfield,"1,475",17.5,"2,507",1.2,4.2,3.6,87,0.3,0,3.8,494,63,73,113,156,89,27.5,72.5,494,63,73,113,156,89,27.5,72.5,267,494,127,76,43,19,2,205,177,86.3,0,61.6,4,33.9,2.8,1.7,7.9,299,588,,599,211,96.2,1.4,0,0,2.4,0
1760000,Medford,Medford,"2,194",13,"3,969",11.8,9.6,13.9,59.1,0.5,0.1,5,296,21,72,71,80,52,31.4,68.6,296,21,72,71,80,52,31.4,68.6,153,296,66,58,12,8,9,303,178,58.7,0,32,25.8,42.1,25.8,10.1,23,179,552,,555,329,88.8,6.7,0,1.2,3.3,0
1770000,Medway,Medway,"1,215",15.9,"2,094",1.6,3.3,5.9,86.2,0.2,0.1,2.6,484,47,130,157,97,53,36.6,63.4,484,47,130,157,97,53,36.6,63.4,248,484,111,70,43,16,8,190,156,82.1,0,57.7,3.8,38.5,3.8,12.8,3.8,239,580,,584,193,96.9,1.6,0,1,0.5,0
1780000,Melrose,Melrose,"1,641",18.7,"3,691",6,6,5.4,76.8,0.1,0,5.6,486,40,118,149,126,53,32.5,67.5,486,40,118,149,126,53,32.5,67.5,265,486,127,81,36,16,5,277,217,78.3,0,47.9,5.5,46.5,5.5,8.3,12.4,150,597,,563,287,95.5,3.8,0,0,0.7,0
7100000,Mendon-Upton,Mendon-Upton,"1,163",15.2,"2,170",0.7,2.7,5.4,88.8,0.1,0,2.3,456,79,92,123,109,53,37.5,62.5,456,79,92,123,109,53,37.5,62.5,219,456,74,75,52,14,4,151,123,81.5,0,36.6,8.9,54.5,8.1,17.9,15.4,249,573,,551,153,98,1.3,0,0,0.7,0
1810000,Methuen,Methuen,"3,001",18.3,"6,572",3.8,3.7,46,42.6,0.1,0.1,3.9,576,122,188,167,80,19,53.8,46.2,576,122,188,167,80,19,53.8,46.2,354,576,205,95,41,8,5,453,272,60,0,29,32.7,38.2,29.8,9.6,19.5,144,551,,544,484,93.2,3.5,0.2,0.4,2.7,0
1820000,Middleborough,Middleborough,"1,688",16,"2,922",2.5,1.1,2.8,88,0.6,0,5,210,29,53,66,44,18,39,61,210,29,53,66,44,18,39,61,153,210,103,44,5,1,0,176,104,59.1,0,30.8,17.3,51.9,16.3,31.7,14.4,216,545,,526,189,91.5,4.2,0,0,3.7,0.5
1840000,Middleton,,362,13.9,682,1.5,4.4,5.4,84.5,0.6,0.2,3.5,,,,,,,,,,,,,,,,,,,,,,,,,,,,,,,,,,,,,,,,,,,,
1850000,Milford,Milford,"2,895",11.3,"4,329",3.3,1.4,31.7,58.8,1.4,0.1,3.4,372,54,100,105,81,32,41.4,58.6,372,54,100,105,81,32,41.4,58.6,240,372,136,78,24,2,0,265,179,67.5,0,36.3,16.8,46.9,16.8,14,18.4,70,581,,556,304,85.5,5.3,0,0.7,8.2,0.3
1860000,Millbury,Millbury,782,16.7,"1,533",3.5,3.4,8.4,78.9,0,0.1,5.8,137,33,49,36,14,5,59.9,40.1,137,33,49,36,14,5,59.9,40.1,93,137,55,33,4,1,0,108,82,75.9,0,43.9,9.8,46.3,9.8,25.6,11,54,529,,517,115,93.9,4.3,0,0,1.7,0
1870000,Millis,Millis,586,16.1,"1,172",1,2.6,8.1,83.7,0.3,0.2,4.1,189,18,36,51,45,39,28.6,71.4,189,18,36,51,45,39,28.6,71.4,102,189,46,32,19,3,2,89,69,77.5,0,42,5.8,52.2,5.8,10.1,21.7,72,563,,573,93,96.8,1.1,0,0,2.2,0
1890000,Milton,Milton,"2,244",17.3,"4,343",13.2,7.5,5.1,68.5,0.1,0.1,5.5,779,102,155,230,178,114,33,67,779,102,155,230,178,114,33,67,367,779,148,92,78,35,14,226,189,83.6,0,54,10.1,36,9.5,3.7,14.3,289,597,,594,236,94.9,3.8,0,0,1.3,0
8300000,Minuteman Regional Vocational Technical,Minuteman Regional Vocational Technical,499,12.8,627,3.7,3.8,7.7,79.4,0.3,0,5.1,22,4,7,7,4,0,50,50,22,4,7,7,4,0,50,50,22,22,22,0,0,0,0,120,60,50,0,41.7,26.7,31.7,25,5,16.7,41,572,,541,120,92.5,5,0,0,2.5,0
7170000,Mohawk Trail,Mohawk Trail,452,9.2,747,0.3,0.1,5,92,0,0,2.7,46,6,17,11,6,6,50,50,46,6,17,11,6,6,50,50,35,46,25,9,1,0,0,45,19,42.2,0,21.1,36.8,42.1,36.8,31.6,5.3,33,581,,557,48,89.6,6.3,0,0,4.2,0
7120000,Monomoy Regional School District,Monomoy Regional School District,"1,348",13.4,"1,766",5.8,1.4,8.8,77.6,0.5,0.2,5.7,212,28,47,74,47,16,35.4,64.6,212,28,47,74,47,16,35.4,64.6,110,212,48,33,20,7,2,116,87,75,0,37.9,18.4,43.7,17.2,12.6,18.4,77,598,,570,122,94.3,3.3,0,0.8,1.6,0
1910000,Monson,Monson,547,13.5,844,1.3,1.4,6,87.4,0.1,0.2,3.4,70,22,23,12,7,6,64.3,35.7,70,22,23,12,7,6,64.3,35.7,57,70,49,3,5,0,0,54,41,75.9,0,26.8,22,51.2,22,31.7,9.8,2,,,,62,85.5,3.2,0,0,11.3,0
8320000,Montachusett Regional Vocational Technical,Montachusett Regional Vocational Technical,638,17.8,"1,401",2.1,1.8,17.1,74.9,0,0,4.2,189,39,79,53,11,7,62.4,37.6,189,39,79,53,11,7,62.4,37.6,142,189,96,45,1,0,0,333,157,47.1,0,19.7,40.8,39.5,39.5,28,7,57,562,,546,335,98.5,0.9,0,0,0.6,0
7150000,Mount Greylock,Mount Greylock,995,9.3,"1,079",2.4,1.9,4.9,86.1,0,0,4.7,291,55,60,82,50,44,39.5,60.5,291,55,60,82,50,44,39.5,60.5,146,291,68,28,33,17,0,85,59,69.4,0,55.9,15.3,28.8,15.3,13.6,8.5,54,618,,578,81,100,0,0,0,0,0
4700000,Mystic Valley Regional Charter (District),,775,24,"1,609",18.2,25.1,9.9,41.8,0.3,0,4.8,,,,,,,,,,,,,,,,,,,,,,,,82,73,89,0,45.2,5.5,49.3,5.5,13.7,23.3,107,576,,594,82,100,0,0,0,0,0
1960000,Nahant,,74,16.2,155,0.7,0.7,7.1,85.2,0,0,6.5,,,,,,,,,,,,,,,,,,,,,,,,,,,,,,,,,,,,,,,,,,,,
1970000,Nantucket,Nantucket,917,16.1,"1,688",9.3,1.6,36.4,48.2,0.1,0,4.4,222,66,78,46,21,11,64.9,35.1,222,66,78,46,21,11,64.9,35.1,119,222,47,45,23,4,0,128,81,63.3,0,53.1,4.9,42,2.5,6.2,14.8,125,524,,507,145,86.2,5.5,6.2,0,2.1,0
7200000,Narragansett,Narragansett,598,17.4,"1,349",0.7,0.3,7.9,87.6,0.1,0.1,3.5,125,33,36,32,20,4,55.2,44.8,125,33,36,32,20,4,55.2,44.8,73,125,35,26,10,2,0,73,49,67.1,0,28.6,24.5,46.9,22.4,24.5,14.3,17,588,,606,82,89,2.4,0,0,8.5,0
7250000,Nashoba,Nashoba,"1,745",13.3,"3,108",1.4,3.7,6.7,85.1,0.1,0.1,2.9,556,75,101,150,142,88,31.7,68.3,556,75,101,150,142,88,31.7,68.3,296,556,162,65,34,16,19,213,171,80.3,0,57.3,12.9,29.8,12.9,6.4,11.1,333,595,,593,220,95,0.9,0,0.5,3.6,0
8520000,Nashoba Valley Regional Vocational Technical,Nashoba Valley Regional Vocational Technical,461,11.9,710,2.3,2,7.5,84.8,0.3,0.1,3.1,68,25,24,16,3,0,72.1,27.9,68,25,24,16,3,0,72.1,27.9,45,68,27,13,5,0,0,157,63,40.1,0,28.6,23.8,47.6,22.2,14.3,27,15,561,,536,157,98.1,1.9,0,0,0,0
1980000,Natick,Natick,"2,569",17.9,"5,291",2.8,10.5,6.9,74.2,0.1,0,5.5,824,36,96,186,261,245,16,84,824,36,96,186,261,245,16,84,483,824,279,117,57,16,14,431,352,81.7,0,47.4,5.4,47.2,5.4,8.5,16.8,377,607,,603,442,97.1,2,0.2,0.2,0.5,0
6600000,Nauset,Nauset,"1,070",13.6,"1,410",5.3,2.1,5.3,84.5,0.1,0.1,2.6,501,61,102,169,119,50,32.5,67.5,501,61,102,169,119,50,32.5,67.5,247,501,111,64,42,18,12,237,166,70,0,43.4,21.1,35.5,19.9,4.2,18.7,163,564,,534,236,95.8,1.3,0.4,0,2.5,0
1990000,Needham,Needham,"2,482",16.4,"5,527",3.2,10.5,6.1,74.5,0.1,0.1,5.6,876,18,71,175,321,291,10.2,89.8,876,18,71,175,321,291,10.2,89.8,456,876,203,137,70,42,4,404,344,85.1,0,61.3,2.6,36,2.6,2.3,8.7,357,629,,645,406,98.5,1,0.2,0,0.2,0
4440000,Neighborhood House Charter (District),Neighborhood House Charter (District),364,16.7,795,52.8,2.5,25.8,13,0.8,0,5.2,55,28,27,0,0,0,100,0,55,28,27,0,0,0,100,0,38,55,22,15,1,0,0,,,,,,,,,,,94,440,,448,,,,,,,
2010000,New Bedford,New Bedford,"6,457",17,"12,685",13.5,0.8,41.8,38.1,0.3,0.1,5.4,552,186,154,140,52,20,61.6,38.4,552,186,154,140,52,20,61.6,38.4,285,552,127,76,61,15,6,495,151,30.5,0,23.2,31.8,45,31.8,20.5,22.5,27,516,,490,582,80.6,6.9,0.3,0.3,11.9,0
35130000,New Heights Charter School of Brockton (District),,190,24,636,87.7,0.6,7.1,1.4,0.2,0,3,,,,,,,,,,,,,,,,,,,,,,,,,,,,,,,,,,6,,,,,,,,,,
7280000,New Salem-Wendell,,79,16.4,131,0,0,4.6,87.8,0,0,7.6,,,,,,,,,,,,,,,,,,,,,,,,,,,,,,,,,,,,,,,,,,,,
2040000,Newburyport,Newburyport,"1,712",14,"2,150",0.9,1.9,4.3,90.3,0,0,2.6,379,61,83,104,90,41,38,62,379,61,83,104,90,41,38,62,193,379,78,64,35,12,4,178,145,81.5,0,43.4,12.4,44.1,11,4.8,13.1,182,581,,583,186,94.6,4.3,0,0.5,0.5,0
2070000,Newton,Newton,"5,815",17.1,"12,121",4.6,20.1,8.6,58.9,0.1,0.1,7.7,"1,474",77,164,310,481,442,16.4,83.6,"1,474",77,164,310,481,442,16.4,83.6,829,"1,474",414,258,101,42,14,1003,761,75.9,0,57,5.3,37.7,4.6,2.1,15.5,926,639,,657,"1,022",96,2.8,0,0.3,0.9,0
2080000,Norfolk,,243,22.3,987,0.7,2.4,3.3,90.6,0,0,2.9,,,,,,,,,,,,,,,,,,,,,,,,,,,,,,,,,,,,,,,,,,,,
9150000,Norfolk County Agricultural,Norfolk County Agricultural,445,16.7,586,1.2,1.2,1.4,91,0.3,0.3,4.6,1,,,,,,,,1,,,,,,,,1,,,,,,,119,75,63,0,28,14.7,57.3,14.7,14.7,13.3,58,541,,506,120,98.3,0.8,0,0,0.8,0
2090000,North Adams,North Adams,555,14.9,"1,300",2.3,0.5,6.9,81.2,0.4,0.3,8.4,148,92,30,15,9,2,82.4,17.6,148,92,30,15,9,2,82.4,17.6,90,148,52,24,9,4,1,79,33,41.8,3,12.1,6.1,78.8,3,57.6,6.1,4,,,,99,74.7,3,4,3,15.2,0
2110000,North Andover,North Andover,"3,044",18,"4,559",2.9,7.6,13.5,72.5,0.1,0.1,3.3,455,23,68,135,133,96,20,80,455,23,68,135,133,96,20,80,260,455,126,87,37,8,2,329,273,83,0,48.4,12.1,39.6,11.4,2.9,18.3,500,576,,567,333,97.3,1.8,0.6,0,0.3,0
2120000,North Attleborough,North Attleborough,"2,158",15.6,"3,991",4.4,7.6,5.3,78.4,0.2,0.1,4,532,70,111,158,130,63,34,66,532,70,111,158,130,63,34,66,279,532,142,65,35,30,7,285,219,76.8,0,41.6,8.2,50.2,7.3,12.8,16,232,588,,585,300,94,3,0,0.3,2.7,0
2150000,North Brookfield,North Brookfield,230,11.2,516,1,0.6,7.2,87,0,0,4.3,16,2,8,5,0,1,62.5,37.5,16,2,8,5,0,1,62.5,37.5,11,16,6,5,0,0,0,42,23,54.8,0,52.2,17.4,30.4,17.4,17.4,0,12,579,,563,42,92.9,4.8,0,0,2.4,0
7350000,North Middlesex,North Middlesex,"1,579",18.6,"2,941",2,1.9,5.3,87.5,0.1,0,3.2,279,36,99,80,44,20,48.4,51.6,279,36,99,80,44,20,48.4,51.6,175,279,101,46,26,2,0,214,157,73.4,0,42.7,10.2,47.1,10.2,19.1,12.7,197,568,,548,214,97.7,1.9,0,0,0.5,0
2170000,North Reading,North Reading,"1,297",17.3,"2,313",0.7,4.7,4.2,87.2,0,0,3.2,291,15,49,90,89,48,22,78,291,15,49,90,89,48,22,78,165,291,77,59,22,5,2,201,168,83.6,0,48.2,6.5,45.2,5.4,10.7,16.1,251,575,,571,201,99,1,0,0,0,0
2100000,Northampton,Northampton,"1,207",16.8,"2,648",3.2,3.1,16.6,69.9,0.2,0,7,420,39,101,114,99,67,33.3,66.7,420,39,101,114,99,67,33.3,66.7,224,420,97,73,40,13,1,197,135,68.5,0,43,28.1,28.9,27.4,6.7,14.1,145,616,,596,209,92.8,1.9,0.5,1.4,3.3,0
4060000,Northampton-Smith Vocational Agricultural,Northampton-Smith Vocational Agricultural,429,12.4,535,1.5,0.6,12.9,83.2,0,0.2,1.7,39,18,17,4,0,0,89.7,10.3,39,18,17,4,0,0,89.7,10.3,34,39,29,5,0,0,0,110,30,27.3,0,20,53.3,26.7,50,20,3.3,4,,,,115,94.8,0.9,0,1.7,2.6,0
7300000,Northboro-Southboro,Northboro-Southboro,802,14.6,"1,357",1.6,12.3,6.6,74.5,0.4,0.4,4.2,935,25,97,259,319,235,13,87,935,25,97,259,319,235,13,87,466,935,205,145,58,34,24,337,278,82.5,0,46.4,6.8,46.8,6.8,8.6,16.5,543,604,,615,348,96.6,1.7,0,0,1.7,0
2130000,Northborough,,610,15.8,"1,531",1.4,12.6,9.7,70.2,0.5,2.3,3.4,,,,,,,,,,,,,,,,,,,,,,,,,,,,,,,,,,,,,,,,,,,,
2140000,Northbridge,Northbridge,804,17.8,"1,971",1.1,0.8,9.2,83.7,0.1,0.1,5.1,190,55,46,40,32,17,53.2,46.8,190,55,46,40,32,17,53.2,46.8,121,190,56,61,4,0,0,111,66,59.5,0,36.4,12.1,51.5,10.6,21.2,9.1,53,561,,542,121,90.9,3.3,0,1.7,4.1,0
8530000,Northeast Metropolitan Regional Vocational Technical,Northeast Metropolitan Regional Vocational Technical,"1,502",11.5,"1,292",3.2,0.9,33.7,60.3,0.1,0.2,1.8,111,73,27,10,1,0,90.1,9.9,111,73,27,10,1,0,90.1,9.9,75,111,47,20,8,0,0,286,110,38.5,0,36.4,34.5,29.1,30.9,13.6,6.4,57,484,,462,290,97.9,1,0,0.3,0.7,0
8510000,Northern Berkshire Regional Vocational Technical,Northern Berkshire Regional Vocational Technical,441,11.1,501,0.8,0.6,1.4,95.4,0,0,1.8,20,12,6,1,1,0,90,10,20,12,6,1,1,0,90,10,10,20,2,6,2,0,0,115,47,40.9,0,31.9,21.3,46.8,17,29.8,4.3,21,528,,480,117,97.4,2.6,0,0,0,0
2180000,Norton,Norton,"1,341",15.9,"2,403",2.3,1.9,4,88.1,0.2,0,3.6,354,52,105,107,73,17,44.4,55.6,354,52,105,107,73,17,44.4,55.6,182,354,77,57,33,11,4,180,138,76.7,0,44.9,9.4,45.7,7.2,11.6,18.8,103,577,,549,187,94.1,2.7,0,0,3.2,0
2190000,Norwell,Norwell,952,14.9,"2,223",0.3,2.2,1.5,92.3,0,0.1,3.6,458,47,93,133,107,78,30.6,69.4,458,47,93,133,107,78,30.6,69.4,259,458,138,60,47,11,3,186,161,86.6,0,55.9,3.1,41,2.5,3.7,13,239,601,,581,191,96.9,1.6,0,0.5,1,0
2200000,Norwood,Norwood,"2,751",8.6,"3,425",10.6,8.3,17.1,60.5,0.1,0.6,2.8,262,33,68,91,50,20,38.5,61.5,262,33,68,91,50,20,38.5,61.5,163,262,97,40,22,2,2,247,171,69.2,0,42.1,14,43.9,12.3,14.6,18.7,199,556,,562,250,94.8,2.4,0.4,0,2.4,0
2210000,Oak Bluffs,,198,16.7,448,3.4,1.3,32.1,55.8,1.1,0,6.3,,,,,,,,,,,,,,,,,,,,,,,,,,,,,,,,,,,,,,,,,,,,
8550000,Old Colony Regional Vocational Technical,Old Colony Regional Vocational Technical,248,16.6,553,0.5,0.9,2.2,93.7,0.2,0,2.5,75,21,30,14,7,3,68,32,75,21,30,14,7,3,68,32,65,75,56,8,1,0,0,134,68,50.7,0,17.6,38.2,44.1,35.3,25,16.2,10,564,,543,135,99.3,0.7,0,0,0,0
7400000,Old Rochester,Old Rochester,"1,240",8.8,"1,136",2.3,1.4,1.9,89.4,0.1,0,4.9,422,39,94,144,88,57,31.5,68.5,422,39,94,144,88,57,31.5,68.5,224,422,110,57,37,14,6,171,131,76.6,0,32.8,10.7,56.5,10.7,13.7,20.6,99,593,,583,180,95,2.8,1.1,0,1.1,0
35150000,Old Sturbridge Academy Charter Public School (District),,7,40,280,4.6,0.7,13.2,80.4,0,0,1.1,,,,,,,,,,,,,,,,,,,,,,,,,,,,,,,,,,,,,,,,,,,,
2230000,Orange,,153,15.4,472,1.3,0.6,8.5,84.5,0.2,0,4.9,,,,,,,,,,,,,,,,,,,,,,,,,,,,,,,,,,,,,,,,,,,,
2240000,Orleans,,190,10.9,174,4,1.2,10.9,78.7,0.6,0,4.6,,,,,,,,,,,,,,,,,,,,,,,,,,,,,,,,,,,,,,,,,,,,
2260000,Oxford,Oxford,622,16.5,"1,488",2.4,1.1,12.8,79.1,0.1,0.1,4.2,122,28,45,24,15,10,59.8,40.2,122,28,45,24,15,10,59.8,40.2,74,122,40,22,10,2,0,89,54,60.7,0,25.9,27.8,46.3,27.8,31.5,9.3,78,521,,506,106,82.1,5.7,1.9,0,10.4,0
2270000,Palmer,Palmer,985,14.7,"1,208",3.7,2.5,13.3,75.9,0.1,0,4.5,58,21,11,17,6,3,55.2,44.8,58,21,11,17,6,3,55.2,44.8,40,58,25,12,3,0,0,83,44,53,0,31.8,50,18.2,47.7,6.8,4.5,9,,,,89,92.1,5.6,0,0,2.2,0
8600000,Pathfinder Regional Vocational Technical,Pathfinder Regional Vocational Technical,548,11.3,602,0.7,0,4.2,92.2,0,0,3,104,58,35,9,1,1,89.4,10.6,104,58,35,9,1,1,89.4,10.6,74,104,50,18,6,0,0,151,34,22.5,0,32.4,50,17.6,47.1,17.6,0,3,,,,161,92.5,3.7,1.9,0,1.9,0
35010000,Paulo Freire Social Justice Charter School (District),Paulo Freire Social Justice Charter School (District),184,15.1,250,10,0.4,86.8,2.4,0,0.4,0,15,13,2,0,0,0,100,0,15,13,2,0,0,0,100,0,13,15,12,0,1,0,0,54,15,27.8,0,33.3,53.3,13.3,53.3,13.3,0,4,,,,73,71.4,24.7,0,0,4,0
2290000,Peabody,Peabody,"2,964",16.4,"5,813",3.8,2.1,19.4,72.5,0.2,0,2,308,30,104,79,73,22,43.5,56.5,308,30,104,79,73,22,43.5,56.5,188,308,107,55,13,13,0,335,204,60.9,0,37.7,20.6,41.7,19.1,18.6,12.3,169,537,,530,374,88,5.9,0.3,0,5.9,0
2300000,Pelham,,43,13.9,102,3.9,4.9,12.8,72.6,0,0,5.9,,,,,,,,,,,,,,,,,,,,,,,,,,,,,,,,,,,,,,,,,,,,
2310000,Pembroke,Pembroke,"1,195",16.9,"2,620",0.5,1,1.9,94,0.1,0,2.5,388,47,105,117,83,36,39.2,60.8,388,47,105,117,83,36,39.2,60.8,210,388,98,57,45,9,1,191,139,72.8,0,36,7.2,56.8,7.2,12.2,21.6,157,573,,561,192,97.9,2.1,0,0,0,0
7450000,Pentucket,Pentucket,"1,226",16.3,"2,191",0.4,1.2,6,89.9,0.1,0,2.5,332,35,87,104,68,38,36.7,63.3,332,35,87,104,68,38,36.7,63.3,179,332,75,64,32,7,1,182,146,80.2,0,40.4,13,46.6,13,4.1,18.5,198,581,,572,188,94.7,1.6,0,0.5,3.2,0
2340000,Petersham,,49,15.9,121,0,0,8.3,88.4,0,0,3.3,,,,,,,,,,,,,,,,,,,,,,,,,,,,,,,,,,,,,,,,,,,,
35180000,Phoenix Academy Public Charter High School Lawrence (District),,46,6.5,156,0.6,0,90.4,7.7,1.3,0,0,,,,,,,,,,,,,,,,,,,,,,,,18,3,16.7,0,0,66.7,33.3,66.7,0,0,,,,,42,19.6,66.1,0,0,14.3,0
35080000,Phoenix Academy Public Charter High School Springfield (District),,12,61.9,201,13.4,0.5,76.6,6,0.5,0.5,2.5,,,,,,,,,,,,,,,,,,,,,,,,10,,,,,,,,,,,,,,62,14.4,57.6,0,3.6,24.4,0
4930000,Phoenix Charter Academy (District),,30,37.1,216,11.1,0,83.8,3.2,1.4,0,0.5,,,,,,,,,,,,,,,,,,,,,,,,15,3,20,0,66.7,33.3,0,33.3,0,0,,,,,101,9.9,31.7,0,2,56.4,0
4940000,Pioneer Charter School of Science (District),Pioneer Charter School of Science (District),344,19.2,801,24.6,6.4,28.8,36.2,1.5,0,2.5,149,47,40,37,19,6,58.4,41.6,149,47,40,37,19,6,58.4,41.6,75,149,23,31,20,1,0,47,37,78.7,0,37.8,10.8,51.4,10.8,5.4,43.2,13,580,,608,50,94,6,0,0,0,0
35060000,Pioneer Charter School of Science II (PCSS-II) (District),Pioneer Charter School of Science II (PCSS-II) (District),155,18.4,360,36.4,13.1,25.6,22.2,0.6,0,2.2,166,37,38,47,31,13,45.2,54.8,166,37,38,47,31,13,45.2,54.8,87,166,38,29,10,10,0,45,33,73.3,0,36.4,27.3,36.4,27.3,3,30.3,26,548,,612,45,100,0,0,0,0,0
7500000,Pioneer Valley,Pioneer Valley,406,12.1,631,0.6,0.6,1.9,92.1,0.2,0.5,4.1,61,19,25,9,8,0,72.1,27.9,61,19,25,9,8,0,72.1,27.9,35,61,17,10,8,0,0,40,31,77.5,0,41.9,16.1,41.9,16.1,12.9,9.7,42,539,,507,40,97.5,0,2.5,0,0,0
4970000,Pioneer Valley Chinese Immersion Charter (District),,308,17.5,558,10.4,19.5,8.6,48.2,0,0.2,13.1,,,,,,,,,,,,,,,,,,,,,,,,8,,,,,,,,,,57,624,,606,8,100,0,0,0,0,0
4790000,Pioneer Valley Performing Arts Charter Public (District),Pioneer Valley Performing Arts Charter Public (District),298,13.9,403,8.2,1,20.4,63,0,0.3,7.2,7,,,,,,,,7,,,,,,,,5,,,,,,,61,38,62.3,0,60.5,21.1,18.4,13.2,2.6,7.9,14,621,,556,61,96.7,1.6,0,0,1.6,0
2360000,Pittsfield,Pittsfield,"2,269",14,"4,967",11.8,1.3,16.5,60.4,0.3,0,9.6,490,134,155,142,42,17,59,41,490,134,155,142,42,17,59,41,295,490,154,91,46,4,0,343,197,57.4,1,32,44.2,22.8,42.6,5.6,10.7,143,533,,516,396,83.6,5.6,0,2.5,8.3,0
2380000,Plainville,,124,19.2,632,5.5,3.3,7.9,79.6,0,0,3.6,,,,,,,,,,,,,,,,,,,,,,,,,,,,,,,,,,,,,,,,,,,,
2390000,Plymouth,Plymouth,"5,125",15.3,"7,102",2.1,1,6.8,85,0.2,0,4.9,994,123,270,314,194,93,39.5,60.5,994,123,270,314,194,93,39.5,60.5,469,994,176,137,108,29,19,569,365,64.1,0,36.2,19.5,44.4,19.5,17.3,14.5,691,528,,521,592,93.9,2.2,0.3,0.2,3.4,0
2400000,Plympton,,111,14.7,220,0,0,2.3,96.8,0.5,0,0.5,,,,,,,,,,,,,,,,,,,,,,,,,,,,,,,,,,,,,,,,,,,,
4870000,Prospect Hill Academy Charter (District),Prospect Hill Academy Charter (District),445,18.3,"1,105",57,7.2,21,10.8,0,0.2,3.9,70,23,30,13,4,0,75.7,24.3,70,23,30,13,4,0,75.7,24.3,48,70,34,8,5,0,1,59,53,89.8,0,43.4,20.8,35.8,20.8,11.3,24.5,38,510,,507,64,90.6,4.7,0,0,4.7,0
2420000,Provincetown,,52,11.3,147,23.8,0.7,14.3,52.4,0,0,8.8,,,,,,,,,,,,,,,,,,,,,,,,,,,,,,,,,,,,,,,,,,,,
7530000,Quabbin,Quabbin,"1,258",14.4,"2,116",1.1,1.3,6.1,89.2,0.1,0.1,2.1,164,33,58,36,21,16,55.5,44.5,164,33,58,36,21,16,55.5,44.5,107,164,63,33,9,2,0,141,100,70.9,0,42,17,41,16,17,9,50,569,,577,154,89,4.5,0,1.3,5.2,0
7780000,Quaboag Regional,Quaboag Regional,597,14.7,"1,128",0.8,0.4,6.8,87.9,0.1,0,4.1,199,30,68,59,28,14,49.2,50.8,199,30,68,59,28,14,49.2,50.8,126,199,75,30,20,1,0,65,37,56.9,0,54.1,10.8,35.1,10.8,10.8,10.8,18,583,,552,67,92.5,3,1.5,1.5,1.5,0
2430000,Quincy,Quincy,"6,287",12.7,"9,515",7.3,40.3,8.5,39.7,0.2,0.3,3.7,570,37,87,169,165,112,21.8,78.2,570,37,87,169,165,112,21.8,78.2,305,570,148,81,52,17,7,647,433,66.9,0,32.1,12.5,55.4,12.2,13.6,38.8,367,567,,578,677,93.2,4,1,0.1,1.6,0
7550000,Ralph C Mahar,Ralph C Mahar,548,15.3,622,1.8,1.6,7.9,84.6,0.2,0,4,65,8,27,19,8,3,53.8,46.2,65,8,27,19,8,3,53.8,46.2,37,65,20,10,5,1,1,81,36,44.4,0,19.4,50,30.6,50,16.7,13.9,1,,,,104,79.8,9.6,1.9,0,8.7,0
2440000,Randolph,Randolph,"1,078",13.6,"2,696",49.4,17.6,16.2,11.8,0.3,0.1,4.6,156,49,40,39,20,8,57.1,42.9,156,49,40,39,20,8,57.1,42.9,93,156,50,24,18,1,0,153,95,62.1,0,29.5,30.5,40,29.5,3.2,35.8,25,564,,580,187,75.9,12.3,3.2,1.1,7.5,0
2460000,Reading,Reading,"1,760",16.7,"3,980",2.6,5.5,3.3,86.1,0.1,0,2.5,326,21,64,93,99,49,26.1,73.9,326,21,64,93,99,49,26.1,73.9,201,326,124,49,13,12,3,309,250,80.9,0,48.8,6,45.2,5.6,7.2,15.6,470,581,,588,314,96.8,3.2,0,0,0,0
2480000,Revere,Revere,"4,140",15.6,"7,294",3.6,4.4,58.5,31.5,0.3,0,1.8,358,72,120,82,56,28,53.6,46.4,358,72,120,82,56,28,53.6,46.4,240,358,143,78,17,2,0,437,220,50.3,0,32.7,23.2,44.1,22.7,14.5,26.4,308,516,,525,550,74.5,12.2,2.7,0.4,10,0.2
2490000,Richmond,,113,14.7,151,1.3,0,7.3,87.4,0,0,4,,,,,,,,,,,,,,,,,,,,,,,,,,,,,,,,,,,,,,,,,,,,
4830000,Rising Tide Charter Public (District),Rising Tide Charter Public (District),303,20,668,0.9,1.4,3.9,85.8,1.1,0,7,25,5,8,8,1,3,52,48,25,5,8,8,1,3,52,48,16,25,9,5,2,0,0,67,59,88.1,0,59.3,15.3,25.4,15.3,13.6,5.1,84,572,,550,70,95.7,2.9,0,1.4,0,0
4820000,River Valley Charter (District),,146,11.7,286,0.4,1.4,5.6,88.1,0.4,0,4.2,,,,,,,,,,,,,,,,,,,,,,,,,,,,,,,,,,,,,,,,,,,,
2500000,Rochester,,367,16.8,493,0.2,0,2.6,92.9,0,0,4.3,,,,,,,,,,,,,,,,,,,,,,,,,,,,,,,,,,,,,,,,,,,,
2510000,Rockland,Rockland,"1,446",14.4,"2,211",6.3,1.3,17.6,70.2,0,0,4.6,117,27,51,25,12,2,66.7,33.3,117,27,51,25,12,2,66.7,33.3,72,117,41,18,12,1,0,157,106,67.5,0,33,22.6,43.4,21.7,19.8,13.2,86,526,,521,176,88.1,5.1,0.6,0,6.3,0
2520000,Rockport,Rockport,459,14.7,770,0.7,1.8,3.6,90.4,0,0.1,3.4,147,49,41,34,19,4,61.2,38.8,147,49,41,34,19,4,61.2,38.8,65,147,23,15,16,9,2,75,50,66.7,0,48,6,46,6,10,12,29,603,,589,79,94.9,2.5,1.3,0,1.3,0
2530000,Rowe,,21,16.1,63,0,0,4.8,81,0,0,14.3,,,,,,,,,,,,,,,,,,,,,,,,,,,,,,,,,,,,,,,,,,,,
4840000,Roxbury Preparatory Charter (District),Roxbury Preparatory Charter (District),335,29.9,"1,589",56.2,0.6,40.4,1.3,0.2,0.1,1.2,892,633,182,65,11,1,91.4,8.6,892,633,182,65,11,1,91.4,8.6,389,892,184,53,60,45,47,97,81,83.5,0,42,8.6,49.4,8.6,19.8,28.4,29,416,,435,106,85.8,7.5,0,0,6.6,0
4410000,Sabis International Charter (District),Sabis International Charter (District),446,27,"1,565",28.4,3.7,45.2,17.2,0,0,5.4,71,38,18,11,2,2,78.9,21.1,71,38,18,11,2,2,78.9,21.1,48,71,27,19,2,0,0,91,60,65.9,0,50,28.3,21.7,26.7,3.3,15,6,,,,98,92.9,3.1,0,1,3.1,0
2580000,Salem,Salem,"2,245",13.5,"3,772",6.6,2.6,43.9,42.4,0,0,4.5,132,21,37,34,21,19,43.9,56.1,132,21,37,34,21,19,43.9,56.1,59,132,28,11,9,5,6,219,110,50.2,0.9,27.3,21.8,50,20.9,33.6,9.1,61,531,,511,276,73.9,11.2,3.6,0.4,10.9,0
4850000,Salem Academy Charter (District),Salem Academy Charter (District),250,19,491,11.2,5.9,43.8,37.1,0,0,2,241,74,77,54,25,11,62.7,37.3,241,74,77,54,25,11,62.7,37.3,110,241,42,26,25,13,4,62,52,83.9,0,38.5,9.6,51.9,9.6,21.2,26.9,89,519,,497,76,81.6,5.3,1.3,0,11.8,0
2610000,Sandwich,Sandwich,"1,367",15.6,"2,351",1.2,2.3,3.4,90.8,0.6,0.2,1.4,290,80,84,65,40,21,56.6,43.4,290,80,84,65,40,21,56.6,43.4,174,290,81,70,23,0,0,170,127,74.7,0,33.9,22.8,43.3,22.8,13.4,14.2,75,565,,559,171,98.2,1.2,0,0.6,0,0
2620000,Saugus,Saugus,"1,099",17,"2,425",5.4,5.5,22.8,62.5,0.8,0.4,2.6,178,38,50,41,35,14,49.4,50.6,178,38,50,41,35,14,49.4,50.6,103,178,50,35,14,4,0,162,102,63,0,36.3,15.7,48,15.7,15.7,22.5,56,532,,529,179,87.7,3.9,0.6,0.6,7.3,0
2630000,Savoy,,61,5.7,45,2.2,0,2.2,95.6,0,0,0,,,,,,,,,,,,,,,,,,,,,,,,,,,,,,,,,,,,,,,,,,,,
2640000,Scituate,Scituate,"1,470",18.2,"2,879",2.6,0.7,2.1,92.3,0.1,0,2.2,516,62,145,153,109,47,40.1,59.9,516,62,145,153,109,47,40.1,59.9,256,516,99,82,52,18,5,225,174,77.3,0,48.9,2.9,48.3,1.7,2.9,14.9,379,577,,552,231,95.7,3.5,0.4,0,0.4,0
2650000,Seekonk,Seekonk,863,15.7,"2,014",2.1,3.6,6,84.4,0,0,3.9,281,74,54,57,61,35,45.6,54.4,281,74,54,57,61,35,45.6,54.4,149,281,64,52,23,7,3,141,108,76.6,0,25,26.9,48.1,25,5.6,21.3,128,565,,546,148,94.6,4.1,0,0.7,0.7,0
2660000,Sharon,Sharon,"1,529",19,"3,520",5.1,30,5.9,52.6,0.1,0.1,6.2,670,24,56,145,205,240,11.9,88.1,670,24,56,145,205,240,11.9,88.1,317,670,120,111,40,29,17,263,222,84.4,0,51.4,2.7,45.9,2.3,4.5,19.8,312,651,,667,273,94.9,4.4,0,0.4,0.4,0
8710000,Shawsheen Valley Regional Vocational Technical,Shawsheen Valley Regional Vocational Technical,717,16.3,"1,302",0.9,0.8,5.8,90.5,0.4,0,1.6,1,,,,,,,,1,,,,,,,,1,,,,,,,305,142,46.6,0,33.1,29.6,37.3,28.2,12,19.7,185,523,,504,309,97.1,2.6,0,0,0.3,0
2690000,Sherborn,,217,15.7,391,3.1,8.4,4.6,77.5,0,0,6.4,,,,,,,,,,,,,,,,,,,,,,,,,,,,,,,,,,,,,,,,,,,,
2710000,Shrewsbury,Shrewsbury,"2,551",18.2,"6,046",3.4,33.2,9.3,49.2,0.5,0,4.4,852,35,105,190,260,262,16.4,83.6,852,35,105,190,260,262,16.4,83.6,393,852,136,115,93,40,9,492,407,82.7,0,42.3,12.3,45.5,12,11.5,20.4,504,609,,630,505,96.6,2.4,0,0.2,0.8,0
2720000,Shutesbury,,55,14.8,116,1.7,0.9,10.3,82.8,0.9,0,3.5,,,,,,,,,,,,,,,,,,,,,,,,,,,,,,,,,,,,,,,,,,,,
7600000,Silver Lake,Silver Lake,814,18.9,"1,729",1.3,1,2.6,93.6,0.4,0,1.2,389,32,83,135,103,36,29.6,70.4,389,32,83,135,103,36,29.6,70.4,199,389,70,84,34,6,5,284,191,67.3,0,41.9,12.6,45.5,11.5,13.1,15.7,202,587,,589,291,97.6,0.7,0,0,1.7,0
4740000,Sizer School: A North Central Charter Essential (District),Sizer School: A North Central Charter Essential (District),234,13,370,7,1.4,25.4,63,0.5,0,2.7,27,7,18,2,0,0,92.6,7.4,27,7,18,2,0,0,92.6,7.4,24,27,21,3,0,0,0,44,24,54.5,0,45.8,8.3,45.8,8.3,33.3,8.3,18,563,,548,46,95.7,0,0,0,4.3,0
2730000,Somerset,,939,18.4,"1,623",0.9,1.7,4.9,89.2,0.3,0,3,,,,,,,,,,,,,,,,,,,,,,,,,,,,,,,,,,,,,,,,,,,,
7630000,Somerset Berkley Regional School District,Somerset Berkley Regional School District,448,18,"1,007",1.1,0.5,4.4,92.4,0.2,0.1,1.4,461,47,105,129,113,67,33,67,461,47,105,129,113,67,33,67,228,461,100,58,43,21,6,252,199,79,0,31.2,23.6,45.2,23.1,11.6,27.1,195,569,,568,265,95.1,4.2,0,0,0.8,0
2740000,Somerville,Somerville,"2,366",12.3,"4,624",8.9,6.2,41.1,39.2,0.1,0.2,4.4,458,114,134,110,66,34,54.1,45.9,458,114,134,110,66,34,54.1,45.9,260,458,148,55,33,19,5,319,162,50.8,0,39.5,21.6,38.9,21,4.9,30.2,90,580,,575,342,88,7.6,0.6,0,3.8,0
2780000,South Hadley,South Hadley,697,17.4,"1,788",1.8,2,16,77.4,0.1,0,2.8,200,31,53,67,37,12,42,58,200,31,53,67,37,12,42,58,109,200,49,35,19,6,0,142,106,74.6,0,38.7,30.2,31.1,29.2,7.5,15.1,86,554,,550,147,95.9,2,0,0,2,0
8290000,South Middlesex Regional Vocational Technical,South Middlesex Regional Vocational Technical,761,12.6,815,4.8,1.4,41.1,47.7,2,0,3.1,76,18,29,16,12,1,61.8,38.2,76,18,29,16,12,1,61.8,38.2,44,76,22,16,3,2,1,168,65,38.7,0,26.2,32.3,41.5,30.8,23.1,13.8,14,586,,587,173,96,1.2,0,0.6,2.3,0
4880000,South Shore Charter Public (District),South Shore Charter Public (District),534,15.3,"1,013",35.7,5.5,6.3,45.7,0.4,0,6.3,118,22,50,29,13,4,61,39,118,22,50,29,13,4,61,39,81,118,51,24,5,1,0,71,52,73.2,0,40.4,9.6,50,9.6,25,15.4,123,517,,489,72,97.2,1.4,0,0,1.4,0
8730000,South Shore Regional Vocational Technical,South Shore Regional Vocational Technical,247,15,637,1.7,1.1,4.6,91.2,0.3,0,1.1,3,,,,,,,,3,,,,,,,,3,,,,,,,142,42,29.6,0,21.4,31,47.6,31,23.8,19,17,528,,522,145,95.9,2.1,0,0,2.1,0
2750000,Southampton,,173,15.1,460,0.2,1.5,7.2,87.6,0,0,3.5,,,,,,,,,,,,,,,,,,,,,,,,,,,,,,,,,,,,,,,,,,,,
2760000,Southborough,,501,14.9,"1,243",1.7,20,5.7,67.4,0.2,0,5.1,,,,,,,,,,,,,,,,,,,,,,,,,,,,,,,,,,,,,,,,,,,,
2770000,Southbridge,Southbridge,895,15.7,"1,886",1.8,1.3,62.5,32.1,0.2,0.2,2,75,33,30,8,3,1,84,16,75,33,30,8,3,1,84,16,42,75,19,14,8,1,0,78,29,37.2,0,37.9,51.7,10.3,48.3,10.3,0,6,,,,126,59.5,15.1,10.3,0.8,14.3,0
8720000,Southeastern Regional Vocational Technical,Southeastern Regional Vocational Technical,"1,408",8.2,"1,527",35.7,1.7,14,42.9,0,0,5.7,88,27,35,19,6,1,70.5,29.5,88,27,35,19,6,1,70.5,29.5,76,88,67,6,3,0,0,333,170,51.1,0,34.1,31.2,34.7,30,18.2,12.4,22,515,,491,339,97.6,1.5,0,0,0.9,0
7650000,Southern Berkshire,Southern Berkshire,470,12.1,655,1.4,0.2,8.9,84.4,0.5,0,4.7,37,9,5,10,11,2,37.8,62.2,37,9,5,10,11,2,37.8,62.2,26,37,15,11,0,0,0,55,25,45.5,0,52,20,28,16,8,0,29,568,,525,63,88.9,3.2,0,3.2,4.8,0
8760000,Southern Worcester County Regional Vocational Technical,Southern Worcester County Regional Vocational Technical,993,13.5,"1,168",0.9,0.7,11.4,85,0.1,0,1.9,170,51,62,28,22,7,66.5,33.5,170,51,62,28,22,7,66.5,33.5,106,170,59,32,13,2,0,248,107,43.1,0,36.4,26.2,37.4,24.3,22.4,9.3,86,537,,527,251,96,3.2,0,0,0.8,0
7660000,Southwick-Tolland-Granville Regional School District,Southwick-Tolland-Granville Regional School District,774,14.4,"1,403",1.8,1,5.4,89.3,0.3,0,2.3,91,26,20,27,13,5,50.5,49.5,91,26,20,27,13,5,50.5,49.5,67,91,46,18,3,0,0,114,76,66.7,0,34.2,22.4,43.4,22.4,25,5.3,40,542,,540,116,96.6,0,0,0,3.4,0
7670000,Spencer-E Brookfield,Spencer-E Brookfield,469,15.5,"1,353",2.7,1.3,16.3,75.5,0.2,0,3.9,48,7,13,19,7,2,41.7,58.3,48,7,13,19,7,2,41.7,58.3,20,48,2,10,6,2,0,61,35,57.4,0,25.7,31.4,42.9,31.4,28.6,5.7,8,,,,71,78.9,15.5,0,0,5.6,0
2810000,Springfield,Springfield,"21,372",11.5,"24,098",18.6,2.1,68,9,0.1,0,2.2,975,506,262,139,57,11,78.8,21.2,975,506,262,139,57,11,78.8,21.2,561,975,299,152,77,24,9,1436,509,35.4,0,34.4,45,20.6,43.6,8.3,8.1,579,471,,467,"1,801",77,9.1,0.5,0.8,12.5,0
35100000,Springfield Preparatory Charter School (District),,87,32.5,374,17.4,2.4,69,9.4,0,0,1.9,,,,,,,,,,,,,,,,,,,,,,,,,,,,,,,,,,,,,,,,,,,,
2840000,Stoneham,Stoneham,"1,483",13.4,"2,288",2.2,5.8,10,77.8,0.3,0,3.9,213,20,51,71,56,15,33.3,66.7,213,20,51,71,56,15,33.3,66.7,124,213,68,36,12,6,2,181,138,76.2,0,44.9,10.9,43.5,10.9,12.3,15.9,83,549,,554,185,95.7,2.7,0,0.5,1.1,0
2850000,Stoughton,Stoughton,"1,941",16,"3,436",25,6.1,14.7,48,0.2,0.3,5.8,242,75,66,65,32,4,58.3,41.7,242,75,66,65,32,4,58.3,41.7,123,242,51,37,23,12,0,264,167,63.3,0,34.1,15,50.9,15,19.2,21,76,554,,555,277,92.4,4.7,0.4,0,2.5,0
2870000,Sturbridge,,295,17.7,809,1,1.5,7.3,84.8,0.3,0,5.2,,,,,,,,,,,,,,,,,,,,,,,,,,,,,,,,,,,,,,,,,,,,
4890000,Sturgis Charter Public (District),,453,14.1,853,2.5,2.9,4.9,86.5,0.4,0.1,2.7,,,,,,,,,,,,,,,,,,,,,,,,192,164,85.4,0,40.2,16.5,43.3,15.9,7.3,17.7,98,587,,572,194,97.9,0,0,0,2.1,0
2880000,Sudbury,,"1,918",15.2,"2,547",2.9,9.8,5.5,73.8,0,0.2,7.8,,,,,,,,,,,,,,,,,,,,,,,,,,,,,,,,,,,,,,,,,,,,
2890000,Sunderland,,153,13.3,190,4.7,6.3,11.6,69,0,0,8.4,,,,,,,,,,,,,,,,,,,,,,,,,,,,,,,,,,,,,,,,,,,,
2900000,Sutton,Sutton,463,17.4,"1,258",1.1,1.4,4,89.7,0,0.1,3.7,208,26,68,60,39,15,45.2,54.8,208,26,68,60,39,15,45.2,54.8,131,208,75,36,19,1,0,102,89,87.3,0,40.4,3.4,56.2,3.4,14.6,21.3,97,562,,546,106,96.2,2.8,0,0,0.9,0
2910000,Swampscott,Swampscott,"1,208",16.8,"2,134",3.7,2.7,12.1,78.1,0.2,0,3.1,439,32,105,127,105,70,31.2,68.8,439,32,105,127,105,70,31.2,68.8,189,439,62,49,48,19,11,160,124,77.5,0,37.1,10.5,52.4,10.5,12.1,12.9,128,606,,596,163,95.7,3.7,0,0,0.6,0
2920000,Swansea,Swansea,"1,786",8.9,"2,013",0.9,1.2,2.7,93.5,0.2,0,1.4,199,49,49,58,37,6,49.2,50.8,199,49,49,58,37,6,49.2,50.8,109,199,47,41,15,5,1,129,83,64.3,0,30.1,25.3,44.6,22.9,13.3,22.9,101,564,,547,133,94.7,4.5,0,0,0.8,0
39020000,TEC Connections Academy Commonwealth Virtual School District,TEC Connections Academy Commonwealth Virtual School District,592,45.8,"2,661",7.8,2.6,18.9,63.4,0.2,0.3,6.8,73,8,19,21,16,9,37,63,73,8,19,21,16,9,37,63,45,73,27,11,5,1,1,287,115,40.1,0,39.1,39.1,21.7,38.3,7.8,7.8,39,585,,555,534,42.1,14.4,0,7.1,36.3,0
7700000,Tantasqua,Tantasqua,"1,186",14.8,"1,776",1.2,1.1,6.5,87.3,0.1,0.1,3.8,327,31,89,98,72,37,36.7,63.3,327,31,89,98,72,37,36.7,63.3,195,327,103,58,29,4,1,291,183,62.9,0,35,20.2,44.8,19.7,12.6,19.7,142,575,,596,298,97,1.3,0.3,0.7,0.7,0
2930000,Taunton,Taunton,"3,299",19.4,"7,861",19.8,1.1,13.6,59.3,0.3,0.2,5.7,430,135,125,94,46,30,60.5,39.5,430,135,125,94,46,30,60.5,39.5,306,430,214,65,22,5,0,506,266,52.6,0,23.7,32.7,43.6,31.6,13.9,21.4,211,538,,514,545,91.9,2.9,1.7,0,3.5,0
2950000,Tewksbury,Tewksbury,"1,487",17.9,"3,221",4,4.1,6.6,83.3,0.1,0,1.9,381,48,94,99,111,29,37.3,62.7,381,48,94,99,111,29,37.3,62.7,242,381,153,54,23,9,3,226,154,68.1,0,49.4,9.7,40.9,9.7,5.8,20.8,196,552,,545,234,94.9,2.6,0,0,2.6,0
2960000,Tisbury,,205,13.8,292,6.5,0.7,36.6,49.3,2.1,0,4.8,,,,,,,,,,,,,,,,,,,,,,,,,,,,,,,,,,,,,,,,,,,,
2980000,Topsfield,,204,15.1,585,0.2,1.5,4.6,90.4,0.9,0,2.4,,,,,,,,,,,,,,,,,,,,,,,,,,,,,,,,,,,,,,,,,,,,
8780000,Tri-County Regional Vocational Technical,Tri-County Regional Vocational Technical,569,16.6,946,1,0.9,7.8,85.4,0.1,0.1,4.8,83,20,33,18,10,2,63.9,36.1,83,20,33,18,10,2,63.9,36.1,64,83,45,19,0,0,0,247,124,50.2,0,36.3,25,38.7,21.8,18.5,7.3,38,538,,520,252,97.2,2,0,0,0.8,0
7730000,Triton,Triton,"1,124",16.9,"2,198",1.6,2.1,3.9,90.1,0.1,0.1,2,129,7,33,41,31,17,31,69,129,7,33,41,31,17,31,69,77,129,44,19,10,3,1,174,117,67.2,0,30.8,32.5,36.8,30.8,7.7,14.5,63,595,,585,190,89.5,4.2,0.5,2.1,3.7,0
3000000,Truro,,61,15.4,113,8,0,6.2,67.3,0,0,18.6,,,,,,,,,,,,,,,,,,,,,,,,,,,,,,,,,,,,,,,,,,,,
3010000,Tyngsborough,Tyngsborough,966,17.6,"1,604",4.7,9,7.2,75.2,0.2,0,3.7,131,15,27,42,34,13,32.1,67.9,131,15,27,42,34,13,32.1,67.9,91,131,56,30,5,0,0,116,88,75.9,0,52.3,13.6,34.1,11.4,6.8,21.6,155,557,,573,119,96.6,1.7,0,0,1.7,0
4800000,UP Academy Charter School of Boston (District),,138,22.1,364,44.5,3.3,48.4,2.5,0.3,0.6,0.6,,,,,,,,,,,,,,,,,,,,,,,,,,,,,,,,,,,,,,,,,,,,
35050000,UP Academy Charter School of Dorchester (District),,138,31.9,722,54.9,0.3,40.9,1.4,0.1,0.7,1.8,,,,,,,,,,,,,,,,,,,,,,,,,,,,,,,,,,,,,,,,,,,,
7740000,Up-Island Regional,,147,14.1,413,1.7,1,8.5,77,3.9,0,8,,,,,,,,,,,,,,,,,,,,,,,,,,,,,,,,,,,,,,,,,,,,
8790000,Upper Cape Cod Regional Vocational Technical,Upper Cape Cod Regional Vocational Technical,346,14.1,708,3.3,1.1,4.1,83.5,1,0.1,6.9,24,7,9,8,0,0,66.7,33.3,24,7,9,8,0,0,66.7,33.3,22,24,20,2,0,0,0,169,73,43.2,0,21.9,34.2,43.8,31.5,19.2,15.1,17,492,,462,170,99.4,0,0,0,0.6,0
3040000,Uxbridge,Uxbridge,859,16,"1,598",1.3,1.4,6,88.4,0.6,0.1,2.3,180,56,68,35,16,5,68.9,31.1,180,56,68,35,16,5,68.9,31.1,96,180,40,30,24,2,0,132,82,62.1,0,19.5,34.1,46.3,31.7,14.6,17.1,113,541,,519,142,80.3,12,0.7,0,7,0
4980000,Veritas Preparatory Charter School (District),,75,27,405,20.5,1.7,70.1,4,0.7,0.3,2.7,,,,,,,,,,,,,,,,,,,,,,,,,,,,,,,,,,,,,,,,,,,,
7750000,Wachusett,Wachusett,"3,032",18,"6,656",2.7,3.2,6.4,85.2,0.1,0,2.5,651,32,108,186,209,116,21.5,78.5,651,32,108,186,209,116,21.5,78.5,366,651,197,85,60,17,7,493,387,78.5,0,43.2,11.9,45,11.4,17.8,15,514,582,,581,510,95.1,2.9,0,0.2,1.8,0
3050000,Wakefield,Wakefield,"1,476",16.1,"3,331",2.8,3.7,7.9,82.2,0.2,0.2,3.1,458,76,115,136,87,44,41.7,58.3,458,76,115,136,87,44,41.7,58.3,227,458,95,71,35,16,10,262,210,80.2,0,47.6,10.5,41.9,9,8.6,14.8,248,565,,561,265,98.1,0.4,0,0.4,1.1,0
3060000,Wales,,41,16.2,129,1.6,0,1.6,93.8,0.8,0,2.3,,,,,,,,,,,,,,,,,,,,,,,,,,,,,,,,,,,,,,,,,,,,
3070000,Walpole,Walpole,"1,502",15.3,"3,659",3.5,6.8,6.5,79.6,0.3,0.1,3.2,405,12,39,131,138,85,12.6,87.4,405,12,39,131,138,85,12.6,87.4,200,405,90,49,39,12,10,264,217,82.2,0,45.6,4.1,50.2,3.7,11.5,12.9,291,587,,569,269,96.7,1.1,0,0,2.2,0
3080000,Waltham,Waltham,"3,761",13.5,"5,549",9.3,5.1,43.1,40.1,0.1,0,2.4,530,119,146,121,88,56,50,50,530,119,146,121,88,56,50,50,257,530,91,86,57,19,4,393,214,54.5,0.5,42.5,14.5,42.5,13.6,13.1,22.9,204,564,,555,467,80.7,4.1,0.9,0.2,14.1,0
3090000,Ware,Ware,409,18.9,"1,168",1.6,0.4,8.8,85,0.2,0.3,3.7,46,7,12,14,8,5,41.3,58.7,46,7,12,14,8,5,41.3,58.7,37,46,29,7,1,0,0,43,24,55.8,0,29.2,37.5,33.3,37.5,29.2,0,27,512,,534,52,76.9,13.5,0,1.9,7.7,0
3100000,Wareham,Wareham,"1,319",13.5,"2,052",7.7,0.9,8.7,68.4,1.4,0.1,12.9,132,63,38,21,10,0,76.5,23.5,132,63,38,21,10,0,76.5,23.5,78,132,37,31,7,3,0,114,61,53.5,0,23,14.8,62.3,14.8,27.9,21.3,9,,,,133,79.7,9,1.5,0.8,9,0
3140000,Watertown,Watertown,"1,827",12.5,"2,552",4.6,7.4,19.3,62.9,0.4,0,5.4,150,7,24,46,38,35,20.7,79.3,150,7,24,46,38,35,20.7,79.3,96,150,56,29,8,3,0,147,101,68.7,0,37.6,18.8,43.6,17.8,7.9,15.8,144,559,,568,170,83.5,10.6,0,0,5.9,0
3150000,Wayland,Wayland,"1,372",16.3,"2,718",5.1,15.2,4.9,68.2,0,0.1,6.5,434,5,28,86,146,169,7.6,92.4,434,5,28,86,146,169,7.6,92.4,216,434,95,60,33,21,7,202,176,87.1,0,63.1,2.8,34.1,2.8,2.8,11.9,214,645,,657,207,97.1,1.9,0.5,0,0.5,0
3160000,Webster,Webster,823,17.2,"1,679",6.1,1.7,33.2,52.5,0.2,0.1,6.4,113,48,33,16,10,6,71.7,28.3,113,48,33,16,10,6,71.7,28.3,68,113,36,22,7,3,0,95,53,55.8,0,32.1,22.6,45.3,18.9,30.2,11.3,23,523,,509,116,77.6,7.8,0,0.9,13.8,0
3170000,Wellesley,Wellesley,"2,523",14.8,"4,442",3.7,15.3,5.6,68,0,0,7.4,837,59,89,182,264,243,17.7,82.3,837,59,89,182,264,243,17.7,82.3,405,837,173,101,81,33,17,380,311,81.8,0.3,69.5,3.9,26.4,3.5,1,4.2,337,657,,670,392,95.9,3.6,0,0,0.5,0
3180000,Wellfleet,,88,11.7,99,1,0,4,79.8,0,0,15.2,,,,,,,,,,,,,,,,,,,,,,,,,,,,,,,,,,,,,,,,,,,,
3220000,West Boylston,West Boylston,617,13.9,895,3.7,1.9,11.5,78.1,0.1,0.2,4.5,96,15,24,27,16,14,40.6,59.4,96,15,24,27,16,14,40.6,59.4,78,96,60,18,0,0,0,53,43,81.1,0,30.2,30.2,39.5,30.2,14,16.3,43,570,,536,62,83.9,4.8,0,0,11.3,0
3230000,West Bridgewater,West Bridgewater,870,18.7,"1,414",6.7,1.1,5.9,81.1,0.1,0.1,5,177,30,71,46,27,3,57.1,42.9,177,30,71,46,27,3,57.1,42.9,108,177,59,30,18,1,0,108,84,77.8,0,39.3,10.7,50,10.7,23.8,17.9,111,543,,542,109,99.1,0,0,0,0.9,0
3320000,West Springfield,West Springfield,"2,374",10.7,"3,917",3.6,8.9,21.7,62.2,0.1,0.1,3.5,442,77,138,132,71,24,48.6,51.4,442,77,138,132,71,24,48.6,51.4,232,442,99,67,55,11,0,279,167,59.9,0,28.1,42.5,29.3,41.9,13.8,10.8,62,568,,547,305,88.5,5.9,0.3,0.3,4.9,0
3210000,Westborough,Westborough,"1,998",15.8,"3,845",2.2,35.4,8.2,50.8,0.1,0.1,3.2,543,25,54,123,191,150,14.5,85.5,543,25,54,123,191,150,14.5,85.5,288,543,137,82,42,21,6,261,212,81.2,0,45.3,9.9,44.8,9.9,7.5,19.3,343,625,,639,269,95.9,3.3,0.4,0,0.4,0
3250000,Westfield,Westfield,"2,697",16,"4,927",2.4,3.1,17.8,73.2,0.1,0,3.4,217,47,79,60,27,4,58.1,41.9,217,47,79,60,27,4,58.1,41.9,139,217,81,41,14,3,0,444,236,53.2,0,37.3,36.4,26.3,34.7,16.1,3.4,87,559,,554,473,91.5,3,0.4,0.6,4.4,0
3260000,Westford,Westford,"3,064",12.6,"4,759",1.5,29.4,2.5,62.4,0.1,0,4.1,817,11,50,154,262,340,7.5,92.5,817,11,50,154,262,340,7.5,92.5,406,817,174,112,75,33,12,423,373,88.2,0,45.3,4.6,50.1,4.6,3.2,21.4,403,632,,654,434,97.5,1.8,0,0.2,0.5,0
3270000,Westhampton,,65,12.7,110,2.7,0,5.5,89.1,0,0,2.7,,,,,,,,,,,,,,,,,,,,,,,,,,,,,,,,,,,,,,,,,,,,
3300000,Weston,Weston,"1,040",14.2,"1,905",6.6,17.5,6.5,63.7,0.1,0.1,5.6,548,47,91,132,130,148,25.2,74.8,548,47,91,132,130,148,25.2,74.8,281,548,136,84,21,21,19,169,134,79.3,0,70.9,2.2,26.9,1.5,1.5,6,156,638,,657,172,97.1,2.9,0,0,0,0
3310000,Westport,Westport,846,15.2,"1,379",0.6,0.4,4.1,90.9,0.2,0,3.8,113,42,26,30,14,1,60.2,39.8,113,42,26,30,14,1,60.2,39.8,71,113,39,23,8,1,0,49,26,53.1,0,30.8,30.8,38.5,26.9,3.8,26.9,29,521,,490,55,89.1,5.5,0,1.8,3.6,0
3350000,Westwood,Westwood,"1,799",13,"2,970",2.1,12,4.9,76,0,0,4.9,753,36,95,191,262,169,17.4,82.6,753,36,95,191,262,169,17.4,82.6,399,753,183,119,64,27,6,238,207,87,0,56.5,2.4,41.1,2.4,3.9,17.9,339,607,,631,240,97.1,2.9,0,0,0,0
3360000,Weymouth,Weymouth,"2,754",17.4,"5,698",7.3,7,12.5,68.2,0.2,0.1,4.7,574,97,128,172,125,52,39.2,60.8,574,97,128,172,125,52,39.2,60.8,320,574,159,94,42,24,1,464,275,59.3,0,31.6,18.5,49.5,18.2,17.8,19.6,110,548,,538,503,87.9,6,0.4,0.2,5.6,0
3370000,Whately,,87,14.3,116,0.9,0,3.5,94,0,0,1.7,,,,,,,,,,,,,,,,,,,,,,,,,,,,,,,,,,,,,,,,,,,,
7800000,Whitman-Hanson,Whitman-Hanson,"1,394",17.5,"3,611",3.2,1.4,6,85.8,0.4,0.1,3.1,456,54,156,133,91,22,46.1,53.9,456,54,156,133,91,22,46.1,53.9,250,456,110,93,35,6,6,268,201,75,0,34.3,17.4,48.3,16.9,17.4,18.4,273,531,,524,283,92.9,6,0,0,1.1,0
8850000,Whittier Regional Vocational Technical,Whittier Regional Vocational Technical,742,12.6,"1,236",2.9,1.5,25.4,66.2,0.5,0,3.5,25,12,8,4,1,0,80,20,25,12,8,4,1,0,80,20,25,25,25,0,0,0,0,314,148,47.1,0,25.7,52.7,21.6,48,8.1,10.1,35,549,,527,318,98.7,0,0,0,1.3,0
3400000,Williamsburg,,69,12.5,117,3.4,0,5.1,89.7,0,0,1.7,,,,,,,,,,,,,,,,,,,,,,,,,,,,,,,,,,,,,,,,,,,,
3420000,Wilmington,Wilmington,"1,859",14.9,"2,846",1.4,5.8,4.7,84.1,0.1,0,3.9,456,70,99,137,95,55,37.1,62.9,456,70,99,137,95,55,37.1,62.9,237,456,99,85,33,15,5,213,168,78.9,0,41.1,8.9,50,8.3,17.9,20.2,70,592,,580,222,95,2.7,0,0.5,1.8,0
3430000,Winchendon,Winchendon,405,17.8,"1,191",2.1,1.9,7,85.2,0.1,0.3,3.5,30,5,12,9,3,1,56.7,43.3,30,5,12,9,3,1,56.7,43.3,17,30,5,11,1,0,0,60,31,51.7,3.2,25.8,35.5,35.5,35.5,25.8,6.5,30,554,,527,91,56,26.4,0,1.1,16.5,0
3440000,Winchester,Winchester,"3,451",12.8,"4,493",1.2,19,3.4,69.9,0.2,0,6.3,808,39,73,172,250,274,13.9,86.1,808,39,73,172,250,274,13.9,86.1,349,808,141,74,57,48,29,339,280,82.6,0,60.7,6.4,32.9,5.7,1.4,14.3,449,627,,643,343,97.1,2.3,0.3,0,0.3,0
3460000,Winthrop,Winthrop,661,20.6,"1,847",1.4,0.7,16,80.5,0.1,0.1,1.4,335,133,100,57,33,12,69.6,30.4,335,133,100,57,33,12,69.6,30.4,150,335,52,24,62,11,1,125,97,77.6,0,36.1,15.5,48.5,15.5,20.6,17.5,50,559,,552,138,89.9,5.8,0,0.7,3.6,0
3470000,Woburn,Woburn,"2,985",13.8,"4,332",7.5,7.1,12.4,68.4,0.8,0.2,3.5,344,36,104,89,71,44,40.7,59.3,344,36,104,89,71,44,40.7,59.3,205,344,124,41,26,11,3,291,189,64.9,0,35.4,23.3,41.3,23.3,10.1,24.9,220,536,,536,329,86,6.1,0,0.6,7,0.3
3480000,Worcester,Worcester,"11,791",14.1,"20,660",17.3,6.2,42.9,29,0.2,0,4.5,"2,060",957,467,346,192,98,69.1,30.9,"2,060",957,467,346,192,98,69.1,30.9,"1,322","2,060",818,321,137,41,5,1739,893,51.4,0,23.3,33.8,42.9,32.7,24.4,15.2,643,518,,521,"1,838",87.3,6.1,0.5,0.4,5.7,0
3490000,Worthington,,60,6,58,0,0,5.2,91.4,1.7,0,1.7,,,,,,,,,,,,,,,,,,,,,,,,,,,,,,,,,,,,,,,,,,,,
3500000,Wrentham,,404,18.4,893,1.8,3,5.4,84.8,0.3,0.2,4.5,,,,,,,,,,,,,,,,,,,,,,,,,,,,,,,,,,,,,,,,,,,,
0,State Totals,State Totals,"502,941",15.5,"912,474",9.4,7.2,22.4,56.5,0.2,0.1,4.1,"94,879","16,372","20,723","23,162","20,378","14,244",39.1,60.9,"94,879","16,372","20,723","23,162","20,378","14,244",39.1,60.9,"51,911","94,879","25,586","14,802","7,676","2,805","1,042",68405,43773,64,0.1,40,18.6,41.3,17.8,11,17.3,"43,337",576,,576,"74,232",89,5.3,0.6,0.4,4.7,0